  'O'        8.69998500       14.88000500        5.15000500   2
  'H'        9.05999500       15.69998500        4.70998500   1
  'H'        7.89001500       14.54999000        4.64999500   1
  'O'        1.41001000       31.45999500       31.65001000   2
  'H'        2.14000500       30.77000500       31.69999000   1
  'H'        1.41998500       31.89000500       30.74998500   1
  'O'       26.44001500        1.87001500        2.47999500   2
  'H'       25.66000500        2.26999500        2.96999500   1
  'H'       26.90999500        1.21999500        3.08000000   1
  'O'        7.04000500        4.70998500       18.53999000   2
  'H'        7.01998500        3.71000000       18.48000000   1
  'H'        6.16000000        5.04000000       18.88001500   1
  'O'       25.53001500       17.90001500        4.63001000   2
  'H'       24.59999500       17.96000500        4.27000000   1
  'H'       25.88001500       18.81999000        4.78999500   1
  'O'        6.87001000        8.68000000        6.24001000   2
  'H'        6.34000500        7.82999000        6.28999000   1
  'H'        6.74999500        9.10000000        5.33998500   1
  'O'       16.96999500       11.88999000        6.00001500   2
  'H'       16.05999500       12.20999500        6.24001000   1
  'H'       17.19000500       12.15000500        5.05998500   1
  'O'       15.47000000       12.86999000       11.21998500   2
  'H'       15.82000000       12.19001000       11.87000500   1
  'H'       14.71001000       12.47998500       10.69999000   1
  'O'        4.36999500        2.36999000       20.31998500   2
  'H'        4.20000000        3.24999500       20.74999500   1
  'H'        3.83999000        1.66001500       20.79000000   1
  'O'        3.97999000        4.01999500       32.00001000   2
  'H'        4.45000500        4.85999500       32.25999000   1
  'H'        3.55999000        4.14001000       31.09998500   1
  'O'       15.14999500       13.80001000       22.30000500   2
  'H'       14.98000000       13.42001500       23.21000500   1
  'H'       15.83998500       13.24998500       21.82999000   1
  'O'        6.11999500       19.02999000       14.43998500   2
  'H'        5.26001000       19.33001000       14.01998500   1
  'H'        5.93999000       18.25999000       15.06001000   1
  'O'       13.98001500       11.39999000        9.66000000   2
  'H'       13.91001500       10.43000000        9.42000500   1
  'H'       13.48000500       11.95001500        8.97998500   1
  'O'       30.67998500        1.97001000       34.10001000   2
  'H'       31.58998500        2.15001500       34.46999500   1
  'H'       30.39998500        2.74001000       33.53000000   1
  'O'       19.23999000       13.13000500        6.56001500   2
  'H'       18.45000500       12.51999000        6.63001500   1
  'H'       19.48999500       13.44000000        7.47999000   1
  'O'       34.48000500       13.73998500        4.45000500   2
  'H'       34.06000500       13.86000000        5.34999500   1
  'H'       34.28001500       14.53000500        3.87999500   1
  'O'       18.52000500       12.60000000       16.80000000   2
  'H'       17.83999000       12.33001000       16.11998500   1
  'H'       18.04999000       12.83999500       17.65001000   1
  'O'        2.22999000       22.06998500        9.60998500   2
  'H'        2.82999500       21.70000000       10.31999500   1
  'H'        2.64001500       21.89001500        8.70999500   1
  'O'       33.68998500       16.88998500        6.87998500   2
  'H'       33.20999500       16.66000000        7.72999500   1
  'H'       34.60999500       16.50001500        6.91001500   1
  'O'       11.49001000       16.03000000       13.38001000   2
  'H'       11.56001000       15.55001000       12.50000500   1
  'H'       12.19998500       15.68000000       14.00000000   1
  'O'        6.63001500        0.65999500       32.81999000   2
  'H'        6.60999500        1.62001000       33.09999000   1
  'H'        7.19001500        0.14000000       33.47001000   1
  'O'       17.23998500       34.73998500        3.20999000   2
  'H'       16.74998500        0.49000000        3.64000000   1
  'H'       17.86001000       34.31998500        3.86998500   1
  'O'       34.30000000       34.31001000       29.94999000   2
  'H'       33.61998500       33.72001500       30.39998500   1
  'H'       34.03001000       34.45001000       28.99001000   1
  'O'       26.04000000       27.16000000        8.47000000   2
  'H'       26.60000000       26.57000500        7.89001500   1
  'H'       25.94000500       26.74000000        9.36999000   1
  'O'       25.38000500       18.81001500       29.05000000   2
  'H'       26.02001500       18.81999000       28.26999000   1
  'H'       25.24000500       17.86001000       29.34001000   1
  'O'       19.04000000        9.53998500        9.77000500   2
  'H'       18.60999000        9.50999000        8.87001500   1
  'H'       19.97999500        9.21000500        9.70000500   1
  'O'       31.41001500       19.37999000        9.11998500   2
  'H'       30.94000000       18.83000000        8.44000500   1
  'H'       31.05000500       20.31001000        9.11001000   1
  'O'       12.37001500        4.56998500       18.56998500   2
  'H'       13.31001000        4.73000500       18.28998500   1
  'H'       12.05998500        5.32000000       19.15000500   1
  'O'        7.00000000       10.05000500        0.85998500   2
  'H'        7.86999500       10.52999500        0.92001000   1
  'H'        6.49001500       10.37001000        0.05999000   1
  'O'        9.40999500        6.73001000       10.30001000   2
  'H'        8.72000500        6.00999000       10.38999500   1
  'H'        9.53998500        7.16999500       11.18999000   1
  'O'       10.33000500       27.17001000        8.37000500   2
  'H'       10.62999000       26.23001500        8.19000000   1
  'H'       10.26000500       27.31998500        9.36001500   1
  'O'        0.37999500       12.05001000       12.76999500   2
  'H'        1.37000500       12.15000500       12.68001000   1
  'H'        0.05001500       11.42001000       12.06999500   1
  'O'        9.31000000       11.78999500        0.22001000   2
  'H'        9.81001000       12.65001500        0.25000500   1
  'H'        9.53001000       11.29999500       34.38001000   1
  'O'       20.76000500       13.80001000       15.41998500   2
  'H'       21.30999500       14.44999500       15.94001500   1
  'H'       20.03998500       13.42999000       16.00000500   1
  'O'       33.19998500        0.26001500       19.41999500   2
  'H'       34.00999000        0.84000000       19.44001500   1
  'H'       33.32000000       34.55000500       18.71999500   1
  'O'       14.75999000       10.96000500       13.94001000   2
  'H'       15.42999500       10.47000500       13.37000000   1
  'H'       13.84999000       10.86001000       13.53999500   1
  'O'       13.63001500       20.55000500        5.44999000   2
  'H'       14.43998500       20.37000000        6.00999000   1
  'H'       12.86999000       20.80001000        6.04999500   1
  'O'        6.94001000        0.05999000       30.29999000   2
  'H'        7.86999500        0.08001000       29.91999500   1
  'H'        6.94998500        0.42000000       31.23001000   1
  'O'       16.25001000       33.86001500       15.45001500   2
  'H'       16.29001500       33.09001500       14.82001500   1
  'H'       17.03999500       33.83999500       16.07000500   1
  'O'        8.86000500       17.86001000        3.90999000   2
  'H'        8.59001500       17.65998500        2.95998500   1
  'H'        9.82999500       18.08999500        3.93001000   1
  'O'       16.04998500       34.86000000       12.23001500   2
  'H'       15.40000000        0.40999000       12.76999500   1
  'H'       16.04001000       33.92000500       12.57000500   1
  'O'        9.00000500        3.86998500       24.31999500   2
  'H'        8.79000500        4.35001000       23.46998500   1
  'H'        9.99001500        3.83999000       24.45999500   1
  'O'        4.27000000        5.29000500       19.11000000   2
  'H'        3.80999500        5.05001000       18.25999000   1
  'H'        3.75000500        5.99000500       19.58999000   1
  'O'        2.84000500        0.78001000        6.10998500   2
  'H'        2.78001500       34.77999000        6.09000000   1
  'H'        3.79998500        1.05000000        6.11999500   1
  'O'       11.03000500        3.68000500        4.21001000   2
  'H'       11.84998500        3.47000500        3.68000500   1
  'H'       10.22000000        3.36000000        3.72001000   1
  'O'       30.17000000       13.48000500        1.98999500   2
  'H'       29.56999500       12.78000500        2.36999000   1
  'H'       29.86000500       14.37999500        2.26999500   1
  'O'        6.73998500       15.17001500       13.59001000   2
  'H'        6.48000500       15.82000000       12.88000000   1
  'H'        7.43001000       15.58000500       14.18000500   1
  'O'        8.26000000       29.10001500        2.87000000   2
  'H'        8.80999000       28.26999000        2.77000500   1
  'H'        8.27998500       29.62001000        2.01999000   1
  'O'       16.88998500       10.13999000       11.52000500   2
  'H'       17.58001000       10.50000000       10.89000500   1
  'H'       16.43001500        9.36001500       11.07998500   1
  'O'        8.07999500       16.01999000        1.48998500   2
  'H'        8.82000000       15.48998500        1.06998500   1
  'H'        7.44999500       15.40000000        1.94999000   1
  'O'       34.87998500        5.33998500        7.71998500   2
  'H'        0.23999500        4.41000000        7.58999500   1
  'H'       34.73998500        5.51001500        8.69001000   1
  'O'        9.81998500       17.89000500       16.74001000   2
  'H'        9.74998500       18.81999000       17.09998500   1
  'H'       10.75000500       17.72998500       16.42000500   1
  'O'       13.59998500       15.34998500        8.68000000   2
  'H'       13.42001500       16.17000000        8.13998500   1
  'H'       14.58999500       15.21999500        8.76998500   1
  'O'       12.79999000        8.93000500        2.24000000   2
  'H'       12.19998500        9.67998500        2.50001500   1
  'H'       12.29000500        8.24001500        1.73001500   1
  'O'       22.24001500       14.99001000       17.80999500   2
  'H'       23.04998500       14.43001000       17.64000000   1
  'H'       22.45999000       15.68000000       18.49998500   1
  'O'        0.89999000       14.23999500       28.43001000   2
  'H'        0.33001500       13.74999500       27.77001500   1
  'H'        0.40001500       14.35000000       29.28999500   1
  'O'       11.66000500        6.80001000        8.55998500   2
  'H'       11.55000000        6.18999500        7.77000000   1
  'H'       10.83001500        6.76000500        9.11998500   1
  'O'       13.21001500        7.02999500       24.09001000   2
  'H'       13.87001000        6.62000500       23.46998500   1
  'H'       13.42001500        7.99998500       24.20999000   1
  'O'       16.26999500       16.95001000       34.14001500   2
  'H'       16.78001500       17.55999000       33.53000000   1
  'H'       16.87000000       16.61999500       34.86000000   1
  'O'        6.63001500        2.04998500       18.84001000   2
  'H'        6.45001000        1.34998500       18.14998500   1
  'H'        5.86001500        2.08999000       19.47998500   1
  'O'       10.34999000       14.39000500        0.33001500   2
  'H'       11.11999000       14.51999500        0.96001500   1
  'H'       10.43000000       15.02000500       34.56999000   1
  'O'        3.54000500       15.76998500        6.38001000   2
  'H'        4.42001000       16.12999500        6.07001500   1
  'H'        3.02998500       15.41998500        5.60000000   1
  'O'       17.48001500        2.32998500        8.28999500   2
  'H'       17.38999500        3.29000000        8.55998500   1
  'H'       16.57999000        1.97998500        8.03999000   1
  'O'       15.79000500       17.97001500        8.26000000   2
  'H'       15.28999500       17.79001000        7.40999000   1
  'H'       16.63000500       17.41999000        8.27001000   1
  'O'       25.70001000       10.86001000        5.05001000   2
  'H'       25.14001000       10.83001500        4.22999500   1
  'H'       25.21998500       10.41001500        5.79999000   1
  'O'       33.29000500        6.66001000        4.01999500   2
  'H'       33.09999000        6.14001500        4.84998500   1
  'H'       33.13999500        7.63000000        4.20000000   1
  'O'        8.80001500        6.93000000       18.56998500   2
  'H'        8.23000500        6.16000000       18.85999500   1
  'H'        9.75999500        6.73998500       18.77998500   1
  'O'        1.38999000       33.37001500        1.20001000   2
  'H'        1.58000500       33.33998500        0.22001000   1
  'H'        0.40999000       33.47998500        1.34998500   1
  'O'       31.51001000        2.46001000       15.62998500   2
  'H'       30.84000500        3.17999500       15.79000500   1
  'H'       32.31000500        2.60998500       16.22001500   1
  'O'        1.70999500       17.69999000       18.04001500   2
  'H'        2.17000000       17.16998500       18.76000000   1
  'H'        2.33999500       17.85000000       17.29000000   1
  'O'       10.23998500       34.93000000       14.60000500   2
  'H'       11.17000500       34.77999000       14.93999500   1
  'H'        9.80000000        0.63000000       15.16000500   1
  'O'       12.75001000       14.15998500        1.73999000   2
  'H'       13.34000500       13.84999000        0.99001000   1
  'H'       13.09000000       13.77999000        2.60998500   1
  'O'       10.26000500       33.16001500        8.23000500   2
  'H'       10.20001500       32.25999000        8.65000500   1
  'H'       11.21001000       33.44999000        8.17999000   1
  'O'        7.65999500       34.70001500        9.08001500   2
  'H'        8.51000500       34.23000000        8.86000500   1
  'H'        7.21000000       34.24998500        9.85001500   1
  'O'       17.52999500        1.59001500        1.17001500   2
  'H'       18.42998500        1.59999000        0.71998500   1
  'H'       17.54000500        0.89999000        1.90001000   1
  'O'       33.18000000       27.74999500       33.54998500   2
  'H'       33.76999500       27.09000000       33.08000500   1
  'H'       32.27000000       27.35001500       33.68001000   1
  'O'       34.51000000        1.33000000        9.50999000   2
  'H'        0.19999000        1.52001500       10.20001500   1
  'H'       33.61001000        1.58000500        9.87000000   1
  'O'        8.13998500        4.81001500       12.16999000   2
  'H'        8.52999000        5.62999500       12.58999000   1
  'H'        7.43001000        4.42998500       12.76999500   1
  'O'       26.47998500       20.46999500        5.54001000   2
  'H'       26.55999500       21.02999500        6.35999000   1
  'H'       27.04999500       20.84999000        4.81001500   1
  'O'       31.23001000       12.89001000       22.97998500   2
  'H'       31.45999500       13.86000000       22.89000000   1
  'H'       31.69999000       12.37001500       22.26000000   1
  'O'       18.11001500       20.97000500        2.81001000   2
  'H'       18.21001000       20.51000000        1.93000500   1
  'H'       17.76001500       20.32999500        3.48999000   1
  'O'       12.72001500        2.70000500        6.51000000   2
  'H'       11.92999500        2.85999000        7.09999500   1
  'H'       12.40998500        2.29999000        5.64000500   1
  'O'       13.53999500       33.72001500       14.50001000   2
  'H'       14.43001000       33.47998500       14.89999000   1
  'H'       13.58000000       34.66001000       14.15998500   1
  'O'        8.55001000       10.03999500       11.50999500   2
  'H'        8.84999500        9.14000500       11.84001000   1
  'H'        8.87999000       10.75000500       12.13999500   1
  'O'        8.24001500       32.76000000       14.61999000   2
  'H'        9.11001000       33.25000000       14.67000500   1
  'H'        8.40000000       31.79998500       14.40001500   1
  'O'       13.38001000        0.92001000       13.03001000   2
  'H'       13.87001000        1.75000000       12.78000500   1
  'H'       12.67000000        0.71998500       12.36000500   1
  'O'       11.81999000       17.79998500        6.76000500   2
  'H'       11.64999500       17.87999500        5.78000500   1
  'H'       12.19998500       18.66000500        7.09999500   1
  'O'        8.62001000        4.18999000        6.53999500   2
  'H'        8.91999500        3.79998500        7.40999000   1
  'H'        9.32998500        4.04999000        5.85000500   1
  'O'       14.75999000       10.44998500       31.54000500   2
  'H'       14.05999000       11.14001000       31.73999500   1
  'H'       14.78998500        9.78001500       32.28998500   1
  'O'        7.18000500        6.20000500       29.59001500   2
  'H'        6.66001000        6.91001500       29.10001500   1
  'H'        6.72000000        5.99000500       30.45000000   1
  'O'       17.47000500       19.04000000        4.78999500   2
  'H'       16.60998500       18.55000000        4.67999000   1
  'H'       18.21001000       18.49998500        4.39001500   1
  'O'        9.25998500       34.91999000       28.79999500   2
  'H'        9.46998500       34.13000500       28.22001000   1
  'H'       10.10999500        0.42000000       28.99998500   1
  'O'        6.90000500       30.26999500        7.40001500   2
  'H'        7.39000500       30.77000500        6.67999500   1
  'H'        6.83000500       29.30000500        7.14000000   1
  'O'        9.10000000        7.40999000       13.07999000   2
  'H'        8.62001000        7.43998500       13.94998500   1
  'H'       10.08000000        7.54001500       13.23000000   1
  'O'       10.78000000       12.23001500       11.56998500   2
  'H'       11.11001500       13.04999500       11.10000500   1
  'H'       10.94999500       11.42998500       10.99000000   1
  'O'       11.50999500       12.51001500       15.87001500   2
  'H'       10.57000000       12.44999000       15.52999000   1
  'H'       11.84998500       13.44000000       15.73999000   1
  'O'       11.42001000        5.60000000        6.07001500   2
  'H'       11.52000500        6.46999500        5.58001500   1
  'H'       11.39001500        4.84998500        5.40998500   1
  'O'        9.08999000        8.79000500        8.03999000   2
  'H'        9.29001500        8.09000500        8.73999000   1
  'H'        8.24001500        8.55001000        7.57001000   1
  'O'        9.87000000        0.01998500       11.95001500   2
  'H'        9.29001500        0.82001500       11.83000000   1
  'H'        9.99999000       34.84999000       12.93001500   1
  'O'        3.37998500       34.94001000       21.35000000   2
  'H'        2.96999500       34.13000500       20.93000000   1
  'H'        4.28998500       34.72000000       21.68999000   1
  'O'       13.74999500       11.42998500       34.56001500   2
  'H'       14.23999500       12.26998500       34.77001500   1
  'H'       13.27000500       11.53999000       33.68998500   1
  'O'        2.67001000       10.57000000       10.19000500   2
  'H'        2.33999500       11.39999000        9.74001000   1
  'H'        3.16001000       10.01000000        9.52000000   1
  'O'        5.78000500        5.81000000       10.65001000   2
  'H'        6.27000500        6.17001000       11.45000500   1
  'H'        5.92000500        4.83000000       10.58998500   1
  'O'        5.23001500       15.83001000        9.25998500   2
  'H'        5.05001000       14.85998500        9.43999000   1
  'H'        4.35998500       16.32001000        9.19999500   1
  'O'        0.15998500        9.40999500        3.09998500   2
  'H'        0.22001000       10.40000500        2.94000000   1
  'H'        0.79999500        9.15001500        3.82000500   1
  'O'        1.44000500        3.36000000        4.66000500   2
  'H'        0.92998500        3.16001000        5.50000500   1
  'H'        2.42000500        3.27001500        4.84998500   1
  'O'       15.06001000       10.96000500        1.94999000   2
  'H'       15.68000000       10.19000500        1.83001000   1
  'H'       14.36998500       10.94999500        1.21999500   1
  'O'        8.97001000       13.65000000       13.38998500   2
  'H'        9.53001000       13.52001000       12.57000500   1
  'H'        8.10001500       14.07000000       13.13000500   1
  'O'       21.92998500        4.06000000       32.66000500   2
  'H'       22.63999500        4.73000500       32.39999000   1
  'H'       22.37000500        3.23998500       32.99999500   1
  'O'       11.77001000       15.00999500       10.85000000   2
  'H'       12.72999000       14.99001000       10.57000000   1
  'H'       11.20000000       15.26000000       10.08000000   1
  'O'       32.32001500        6.94001000       17.29000000   2
  'H'       32.46001500        7.12001500       18.25999000   1
  'H'       33.19998500        6.76000500       16.85001500   1
  'O'       22.26000000       10.06001500       13.51000000   2
  'H'       21.37999500       10.29000000       13.10998500   1
  'H'       22.94001500        9.95998500       12.78000500   1
  'O'        3.38999500        2.15999000       17.69999000   2
  'H'        3.65001000        2.26999500       18.66000500   1
  'H'        3.44998500        3.03999500       17.23001000   1
  'O'        3.97999000       34.86000000        9.70000500   2
  'H'        4.71999500        0.36001000        9.25998500   1
  'H'        3.26000500        0.49000000        9.98000500   1
  'O'       21.68999000       12.61998500        2.71001500   2
  'H'       22.41998500       12.12001000        2.24000000   1
  'H'       21.43001000       12.12998500        3.54000500   1
  'O'        8.17001500        7.51999500       15.59001500   2
  'H'        8.49999500        6.59998500       15.82000000   1
  'H'        8.33000000        8.13001000       16.36001500   1
  'O'       32.76000000       34.23000000        4.31000500   2
  'H'       33.23999000        0.08001000        4.55000000   1
  'H'       32.84001000       34.07001500        3.33000500   1
  'O'       11.07998500       10.41999000        9.60998500   2
  'H'       10.97001500        9.43999000        9.43999000   1
  'H'       10.69999000       10.93998500        8.83998500   1
  'O'        1.90001000        8.12000000        5.01000500   2
  'H'        2.35000500        7.72999500        4.20000000   1
  'H'        2.00000500        7.47999000        5.78000500   1
  'O'       12.37999000       12.92000500        7.79999500   2
  'H'       12.51999000       13.69000500        8.41998500   1
  'H'       11.41000000       12.86999000        7.54001500   1
  'O'       25.34000000       19.39000000        8.62998500   2
  'H'       25.97000000       18.63001000        8.45001500   1
  'H'       25.14998500       19.41999500        9.60998500   1
  'O'        2.35000500       33.26001000        8.00999500   2
  'H'        2.94000000       33.89998500        8.51000500   1
  'H'        1.42999500       33.27999500        8.40000000   1
  'O'       20.09000000        1.17999000        0.33001500   2
  'H'       20.27000500        1.41998500       34.37000000   1
  'H'       20.59998500        1.80001500        0.92001000   1
  'O'        5.90999500        3.41999000       13.35001500   2
  'H'        5.72999000        4.21001000       13.94001000   1
  'H'        5.08000500        2.85999000       13.28999000   1
  'O'        3.69999000        6.49999000        9.31000000   2
  'H'        4.60999000        6.31001000        9.67001000   1
  'H'        3.65001000        7.44999500        9.01001500   1
  'O'       18.13000000       15.28999500       15.41998500   2
  'H'       17.75000500       16.00000500       14.82001500   1
  'H'       17.55999000       14.46000500       15.34998500   1
  'O'        6.63999000        5.23999000        4.43999500   2
  'H'        6.06000500        5.79999000        5.02999000   1
  'H'        7.61001500        5.46000000        4.60999000   1
  'O'       14.61001500        8.79000500       34.21001500   2
  'H'       15.31001500        8.69001000       34.91999000   1
  'H'       14.09999500        9.63000500       34.35001500   1
  'O'       15.10999000        0.07000000        0.57001000   2
  'H'       15.73999000        0.67000500        1.05000000   1
  'H'       15.10001500        0.30999500       34.59001000   1
  'O'        3.44001000       10.36000000        5.92000500   2
  'H'        2.87000000        9.57001500        5.72001500   1
  'H'        3.94999500       10.62999000        5.11000000   1
  'O'       10.30001000       16.80000000        8.76001000   2
  'H'        9.39001000       16.53001000        8.45001500   1
  'H'       10.83001500       17.13999000        7.98000000   1
  'O'        2.70000500        2.24000000       10.76001500   2
  'H'        3.13999000        2.04998500       11.63998500   1
  'H'        2.42000500        3.20001500       10.72998500   1
  'O'       14.12001500       30.49000500       20.80998500   2
  'H'       13.21999000       30.25998500       21.18000500   1
  'H'       14.01001000       30.98000500       19.93999000   1
  'O'       12.47998500        4.24000500       13.86000000   2
  'H'       12.40001000        3.38999500       14.37999500   1
  'H'       13.09000000        4.10000500       13.07999000   1
  'O'       32.34000000       18.63001000        0.01998500   2
  'H'       33.22000500       18.48000000       34.56001500   1
  'H'       31.58998500       18.43999500       34.38998500   1
  'O'       34.25999500       16.00000500        2.85001500   2
  'H'       34.14999000       15.48998500        1.98999500   1
  'H'       34.03998500       16.95998500        2.68999500   1
  'O'        6.81999500        8.82000000        3.36000000   2
  'H'        7.50998500        8.10001500        3.45999500   1
  'H'        6.63001500        8.97001000        2.39001000   1
  'O'       10.72998500        8.66001500        5.40001000   2
  'H'       11.70001000        8.86000500        5.50000500   1
  'H'       10.23998500        8.93000500        6.23000000   1
  'O'        3.55999000        1.75000000       13.21001500   2
  'H'        3.76001500        0.78998500       13.37000000   1
  'H'        2.60001000        1.94001500       13.44000000   1
  'O'        1.72000500       12.09001500       19.48999500   2
  'H'        0.95000500       12.34999500       18.90000000   1
  'H'        2.50001500       11.81001500       18.92999500   1
  'O'       16.36999000        7.99998500        9.43001500   2
  'H'       16.88998500        7.26999000        9.87000000   1
  'H'       16.85001500        8.31001500        8.61000000   1
  'O'        9.43999000        3.58998500        1.38999000   2
  'H'        8.80001500        3.93001000        0.71001000   1
  'H'        8.94999000        3.37998500        2.24000000   1
  'O'        5.95000000        4.22999500        7.21000000   2
  'H'        6.91001500        4.31000500        6.94001000   1
  'H'        5.89001000        4.06000000        8.19000000   1
  'O'        2.11001000       14.79999500       15.97001000   2
  'H'        2.42000500       15.72000500       15.73999000   1
  'H'        2.84000500       14.29998500       16.43001500   1
  'O'       10.92000000        5.74000000       32.57999500   2
  'H'       11.60999000        5.02001500       32.63998500   1
  'H'       10.55999000        5.76999500       31.65001000   1
  'O'        5.04000000       15.44000500       24.65001000   2
  'H'        4.53999000       15.33000000       25.50999500   1
  'H'        4.50999500       15.05000000       23.89999500   1
  'O'        8.13998500       34.24001000       34.63001500   2
  'H'        8.44000500       34.39999500        0.56000000   1
  'H'        7.78001000       33.30999000       34.55000500   1
  'O'        5.29000500       12.83999500       14.29001000   2
  'H'        5.54998500       11.95999000       13.87998500   1
  'H'        5.92000500       13.55000500       13.98001500   1
  'O'       18.04999000       12.46000000       13.28001500   2
  'H'       17.33000500       12.97999500       13.74999500   1
  'H'       18.81999000       13.07001500       13.09000000   1
  'O'       14.37999500        7.98000000        4.25999000   2
  'H'       14.07000000        8.52999000        3.48001500   1
  'H'       13.84001500        8.20001000        5.06999500   1
  'O'       20.66998500       13.56999000        9.39998500   2
  'H'       21.18000500       12.99000500       10.03999500   1
  'H'       19.74000000       13.67999500        9.73000000   1
  'O'       13.87998500       21.99001000        9.60998500   2
  'H'       13.63001500       21.33001500        8.90001000   1
  'H'       14.70000000       21.67000500       10.08000000   1
  'O'        1.45999000       17.48999000       12.37001500   2
  'H'        2.29001500       17.85000000       12.79999000   1
  'H'        1.13001000       18.13000000       11.67999000   1
  'O'       10.17999500       19.50000500       23.78999000   2
  'H'       11.04999000       19.26998500       24.23001000   1
  'H'       10.16001000       19.13999500       22.86000500   1
  'O'        4.67001500       33.37999000        4.28998500   2
  'H'        4.48000000       32.39999000        4.18001500   1
  'H'        5.61001000       33.50000500        4.60001500   1
  'O'       14.99001000        1.10001500        7.43001000   2
  'H'       14.02999500        1.35999500        7.35000000   1
  'H'       15.07999500        0.29998500        8.00999500   1
  'O'       19.81000000       15.66999000        5.72999000   2
  'H'       19.71000500       14.70000000        5.93999000   1
  'H'       20.35999000       16.11001000        6.45001000   1
  'O'       30.43999000       20.03001000       21.44999500   2
  'H'       31.24999500       20.52998500       21.77000000   1
  'H'       30.73000000       19.20999500       20.94998500   1
  'O'       13.63001500       12.29000500        3.69001500   2
  'H'       12.68998500       11.95999000        3.65998500   1
  'H'       14.22001000       11.67999000        3.16998500   1
  'O'        3.52999500        7.64001000       14.64001000   2
  'H'        3.64000000        8.48998500       14.12999000   1
  'H'        2.89999500        7.02999500       14.15001000   1
  'O'       11.57999500       19.12001000       33.83999500   2
  'H'       12.46000000       19.46000000       34.17998500   1
  'H'       10.99000000       18.91998500       34.62000500   1
  'O'       12.08000500       16.78001500        1.97001000   2
  'H'       12.75998500       17.37001000        1.54000000   1
  'H'       12.40001000       15.83001000        1.94001500   1
  'O'       12.58001500        1.05000000        4.32999000   2
  'H'       12.75001000        0.36998500        3.61000500   1
  'H'       11.80000500        0.75999000        4.88001500   1
  'O'       29.41998500       31.97001500        4.98001000   2
  'H'       29.79000500       31.03999500        5.02999000   1
  'H'       30.04001000       32.60999000        5.43000500   1
  'O'       11.87000500       17.97001500       28.99001000   2
  'H'       12.69999500       17.58001000       29.38999000   1
  'H'       11.95999000       18.95999000       28.92001000   1
  'O'        7.19999000       11.31000500       19.58001500   2
  'H'        7.30999500       10.40000500       19.16999000   1
  'H'        8.07999500       11.63998500       19.90999500   1
  'O'       13.14001500        9.38000000        6.41000500   2
  'H'       13.87998500        9.98000500        6.10001000   1
  'H'       13.18999500        9.26999500        7.40001500   1
  'O'        5.64000500       11.36999500       33.92000500   2
  'H'        4.97000000       10.93001000       34.52998500   1
  'H'        5.78000500       12.30999000       34.20000500   1
  'O'       34.45998500       11.32001500       15.41001000   2
  'H'       34.69000500       11.42001000       14.43998500   1
  'H'       33.48999500       11.14001000       15.51000500   1
  'O'       21.25000500       17.57000000        7.08998500   2
  'H'       22.09000500       18.07001000        6.87001000   1
  'H'       20.46999500       18.20000000        7.05001500   1
  'O'       16.95998500       12.72001500        3.41001500   2
  'H'       16.15999000       12.33001000        2.95998500   1
  'H'       17.78000000       12.51999000        2.87000000   1
  'O'       13.27000500       29.84999500        5.86999000   2
  'H'       13.98001500       30.38000000        5.40001000   1
  'H'       13.60999500       29.59001500        6.77999000   1
  'O'        1.65000500       17.61000500        2.28000500   2
  'H'        0.85998500       18.13000000        1.93000500   1
  'H'        1.38001500       16.66000000        2.43001500   1
  'O'       17.44998500        1.96000000       16.22001500   2
  'H'       18.22999500        1.54000000       15.76001000   1
  'H'       17.52999500        1.80999000       17.20999000   1
  'O'        3.06999000        6.52998500        0.05001500   2
  'H'        2.10000000        6.74999500        0.15001000   1
  'H'        3.20999000        5.54998500        0.19999000   1
  'O'       12.06999500        8.34998500       16.00000500   2
  'H'       11.98998500        7.40001500       16.31000000   1
  'H'       12.02999000        8.38001500       15.00999500   1
  'O'       30.89999500        7.86999500        6.66998500   2
  'H'       31.26000500        8.62998500        6.13000500   1
  'H'       31.55001500        7.11000500        6.65000000   1
  'O'       29.31999000       31.59999500        2.11001000   2
  'H'       29.33000000       31.85000000        3.08000000   1
  'H'       29.41001000       32.42998500        1.55001000   1
  'O'       16.33999500       15.03999000        7.82001500   2
  'H'       17.08000000       15.63999500        7.51999500   1
  'H'       15.90001000       14.61999000        7.02999500   1
  'O'        3.93001000       10.51001000        1.03999000   2
  'H'        3.17999500       10.27999000        0.42000000   1
  'H'        4.06000000        9.75999500        1.69998500   1
  'O'        7.22001000        5.29000500       34.11999500   2
  'H'        6.63001500        5.95000000       34.59001000   1
  'H'        6.79000000        4.39001500       34.13000500   1
  'O'        8.24001500        3.75000500        9.57999000   2
  'H'        7.46000500        3.13001500        9.53998500   1
  'H'        8.42999500        3.97999000       10.54000500   1
  'O'       21.43001000       11.91001000        5.30999000   2
  'H'       21.54999000       11.48000000        6.20000500   1
  'H'       20.45998500       12.09999000        5.16001500   1
  'O'       10.78000000        9.21000500       27.00999000   2
  'H'       10.85000000        8.80999000       27.93000000   1
  'H'       10.30001000       10.08000000       27.06000500   1
  'O'       34.48000500       12.62999500       17.93001000   2
  'H'       33.64000500       12.90999500       18.38000500   1
  'H'       34.27000500       11.97000000       17.20999000   1
  'O'       34.25999500        3.93001000       19.72999000   2
  'H'       34.67999500        4.00998500       20.63001500   1
  'H'       34.51000000        4.73000500       19.16999000   1
  'O'       23.95998500        1.59001500       12.05998500   2
  'H'       23.42000500        1.07999500       11.38000500   1
  'H'       24.62001500        2.17000000       11.57999500   1
  'O'       16.77000500        5.08000500        7.99001000   2
  'H'       17.57000000        5.32000000        7.43998500   1
  'H'       15.97998500        4.95001500        7.37999500   1
  'O'        2.64001500        3.62999000       34.90000500   2
  'H'        2.29999000        3.59999500        0.84000000   1
  'H'        3.29000000        2.88001000       34.76000500   1
  'O'       26.54001000        2.88001000       22.37000500   2
  'H'       27.24001000        2.15999000       22.37000500   1
  'H'       26.96998500        3.76999000       22.47000000   1
  'O'       14.44999500       13.10998500        6.17001000   2
  'H'       14.26001500       13.07999000        5.19001000   1
  'H'       13.59001000       13.10001000        6.67999500   1
  'O'       10.43000000        6.34000500        2.25998500   2
  'H'       11.10000500        6.77999000        1.66999000   1
  'H'       10.43000000        5.34999500        2.08999000   1
  'O'        7.61001500       21.95000500        5.15000500   2
  'H'        7.75001500       21.93999500        4.15999500   1
  'H'        7.61999000       22.90001000        5.47998500   1
  'O'        7.08998500       19.20999500        5.40001000   2
  'H'        7.50998500       20.09000000        5.65001500   1
  'H'        7.78998500       18.62000000        4.99999500   1
  'O'       13.63999000        8.69001000        9.12999500   2
  'H'       13.00999000        7.96999000        8.83998500   1
  'H'       14.56000000        8.31001500        9.25998500   1
  'O'       27.77001500       15.34998500        6.63001500   2
  'H'       27.87998500       16.31000000        6.88999500   1
  'H'       27.06000500       15.27001000        5.93001500   1
  'O'        3.34001500       13.80001000       23.14000500   2
  'H'        3.99000000       13.04999500       23.24000000   1
  'H'        3.08000000       13.88999500       22.17999000   1
  'O'       28.99001000        4.85999500       12.13999500   2
  'H'       29.35999500        5.33001000       11.34000000   1
  'H'       28.89001500        5.51001500       12.89001000   1
  'O'        8.68000000       14.18000500       19.30001500   2
  'H'        9.18998500       13.34000500       19.12998500   1
  'H'        8.38001500       14.19999000       20.24998500   1
  'O'       11.04999000       15.34001000       32.90000000   2
  'H'       12.02999000       15.48998500       33.02999000   1
  'H'       10.89000500       14.92998500       32.00001000   1
  'O'        5.09999000        3.38999500        9.71999000   2
  'H'        4.25001500        3.34999000       10.23998500   1
  'H'        5.12998500        2.64999000        9.05999500   1
  'O'       18.11999000       13.62000500        9.85999000   2
  'H'       17.51998500       13.14001500       10.48999000   1
  'H'       17.58001000       14.21000000        9.26999500   1
  'O'        7.96001500        1.90998500       13.62000500   2
  'H'        7.15001000        2.39001000       13.28999000   1
  'H'        8.24001500        2.28000500       14.50998500   1
  'O'       15.91999500       15.47000000       11.25001500   2
  'H'       15.80001500       14.47001500       11.29999500   1
  'H'       16.66000000       15.69001000       10.62001500   1
  'O'       14.40001500        3.44001000       12.08000500   2
  'H'       14.05001500        3.83999000       11.22999500   1
  'H'       15.40000000        3.45999500       12.06999500   1
  'O'        9.46001000       30.68999500        9.32001000   2
  'H'        8.70999500       30.71999000        9.99001500   1
  'H'        9.10000000       30.36001500        8.44000500   1
  'O'        4.22999500        9.35000500        8.38999000   2
  'H'        5.20999500        9.18998500        8.37000500   1
  'H'        3.92000000        9.64999000        7.47999000   1
  'O'        9.92999000       11.84998500       19.62999500   2
  'H'       10.16001000       11.15999500       18.94000500   1
  'H'       10.72998500       12.01000500       20.21001500   1
  'O'       10.13999000       28.71998500       33.40001000   2
  'H'       10.99000000       29.10999000       33.74000000   1
  'H'       10.33000500       27.83000500       32.98001000   1
  'O'       13.14999000       34.35001500        2.25998500   2
  'H'       13.03998500       33.36000500        2.36001500   1
  'H'       13.84001500       34.53999500        1.55998500   1
  'O'       19.54001000        6.00999000       11.88999000   2
  'H'       18.63998500        5.79001500       11.50999500   1
  'H'       19.43000500        6.63999000       12.65999000   1
  'O'        2.08001500        9.78001500       34.10001000   2
  'H'        2.67998500        9.43001500       33.37001500   1
  'H'        1.26000000       10.17999500       33.69999500   1
  'O'        3.36000000       16.18998500       31.83999000   2
  'H'        4.04001500       16.42000500       31.15000000   1
  'H'        2.94000000       17.02998500       32.20000000   1
  'O'       31.34999000       12.79001500       19.54998500   2
  'H'       30.39001000       13.03001000       19.72001500   1
  'H'       31.71000000       13.35001500       18.81001500   1
  'O'       31.41999000        0.67000500       28.84000000   2
  'H'       30.99999000       34.77999000       29.00999500   1
  'H'       30.74998500        1.27001000       28.40001500   1
  'O'        0.36001000        3.40000500       28.43998500   2
  'H'        1.05000000        3.47000500       29.16000500   1
  'H'        0.42000000        2.50001500       28.01001000   1
  'O'       33.68998500       17.96000500       20.42001500   2
  'H'       34.20000500       18.59000500       19.82998500   1
  'H'       34.09000000       17.05000500       20.35001500   1
  'O'        9.88998500        9.98000500       33.09001500   2
  'H'        9.98000500       10.27999000       32.14001000   1
  'H'        9.59000000        9.01999000       33.11000000   1
  'O'       14.16999500        2.99001500       24.66999500   2
  'H'       14.74000500        3.44001000       25.35001000   1
  'H'       13.31998500        3.50000000       24.55999000   1
  'O'       22.86000500        3.36000000       26.85000500   2
  'H'       23.03000000        3.33000500       25.85999500   1
  'H'       23.61999500        3.83001500       27.30000000   1
  'O'        5.23001500       19.58001500       26.96998500   2
  'H'        6.13000500       19.15000500       26.93999000   1
  'H'        5.09001500       20.00999000       27.86000000   1
  'O'        4.74999000       11.52000500       23.33999500   2
  'H'        4.28998500       11.21001000       22.51000500   1
  'H'        5.65999000       11.87000500       23.11001000   1
  'O'       32.08999500       11.49001000       34.48000500   2
  'H'       31.33000500       11.06000000       34.94998500   1
  'H'       32.25999000       12.40001000       34.87001000   1
  'O'       11.94000500       20.58000000        7.68999000   2
  'H'       11.00001000       20.81999500        7.43998500   1
  'H'       11.95999000       20.25999500        8.62998500   1
  'O'       13.27000500       27.73001000        8.87001500   2
  'H'       12.43000500       27.86000000        8.34998500   1
  'H'       14.04000500       28.11000500        8.35999500   1
  'O'       17.29000000        7.22001000       28.84000000   2
  'H'       17.06001500        6.87998500       29.75000000   1
  'H'       16.46998500        7.61999000       28.43001000   1
  'O'        4.56001000       13.72000000       16.89999500   2
  'H'        4.84998500       13.51000000       15.97001000   1
  'H'        5.25000000       14.29001000       17.34001500   1
  'O'        5.89001000        8.55998500       23.45000000   2
  'H'        5.37999000        7.79999500       23.03000000   1
  'H'        5.58999000        9.42000500       23.04001000   1
  'O'       29.49999500       17.90001500       26.36000500   2
  'H'       30.05999500       18.22999500       25.60001500   1
  'H'       30.08999000       17.41001500       27.00999000   1
  'O'        6.20000500       13.91001500       34.49999000   2
  'H'        6.81999500       14.19999000       33.76999500   1
  'H'        6.72000000       13.83000500        0.36001000   1
  'O'       33.06999500       10.97001500       30.61999500   2
  'H'       33.37001500       11.31000500       29.72000500   1
  'H'       33.86001500       10.69001500       31.15000000   1
  'O'        9.87000000       32.53001500       27.23000000   2
  'H'        9.24000000       32.22999500       26.51999000   1
  'H'       10.80999500       32.46001500       26.89998500   1
  'O'        3.36000000        8.12000000       21.57998500   2
  'H'        2.39001000        8.34001000       21.57001000   1
  'H'        3.87999500        8.91999500       21.26999000   1
  'O'       18.53999000       23.67998500       14.63000000   2
  'H'       18.56001000       23.53998500       13.63999000   1
  'H'       18.10000500       22.89000000       15.06001000   1
  'O'       22.55001000       15.45999000       31.36000000   2
  'H'       21.74000500       15.38001500       30.78999000   1
  'H'       23.25001000       16.01001500       30.88998500   1
  'O'       13.42999000       12.44999000       17.97001500   2
  'H'       12.68001000       12.18000000       17.36000000   1
  'H'       13.17998500       12.25000000       18.91001000   1
  'O'       19.79999000       10.33000500       12.32000000   2
  'H'       19.37999000        9.81001000       11.57999500   1
  'H'       19.11000000       10.92000000       12.75001000   1
  'O'        0.61001500        9.40999500       25.97000000   2
  'H'        0.57001000        8.44000500       26.22000500   1
  'H'        1.55998500        9.66000000       25.76000000   1
  'O'       17.75000500       13.53999500       34.31998500   2
  'H'       18.24000500       12.96998500       34.98001500   1
  'H'       17.79001000       13.11999500       33.40998500   1
  'O'        1.75000000       33.41999500       33.47998500   2
  'H'        1.72000500       32.56001000       32.98001000   1
  'H'        2.57001500       33.93001500       33.22000500   1
  'O'       10.33000500        6.38001000       22.69998500   2
  'H'        9.33999500        6.25999500       22.58000500   1
  'H'       10.51001000        7.04000500       23.43001500   1
  'O'       13.80001000       10.38999500       21.82001500   2
  'H'       13.88999500        9.49000500       21.39000500   1
  'H'       13.97000500       10.30001000       22.80001500   1
  'O'       11.59000500        8.12000000       12.89998500   2
  'H'       11.63001000        9.11001000       13.04999500   1
  'H'       12.47998500        7.79999500       12.55999500   1
  'O'       26.19998500       19.04000000       32.42998500   2
  'H'       26.68001000       19.90999500       32.29999500   1
  'H'       26.86001500       18.28998500       32.42001000   1
  'O'       30.75999500        4.10000500       32.31000500   2
  'H'       31.48999000        3.50000000       31.97001500   1
  'H'       31.16001000        4.97000000       32.60001500   1
  'O'       10.37998500        3.79998500       28.15001000   2
  'H'       11.28001000        4.04001500       27.77999000   1
  'H'       10.44001000        2.92999000       28.64998500   1
  'O'       17.40000500        7.32000500       23.29001500   2
  'H'       18.01999500        7.33001500       22.49999500   1
  'H'       16.50001500        6.98999000       23.01001500   1
  'O'        8.77999500        7.36001000       33.30001500   2
  'H'        9.64999000        6.88999500       33.18000000   1
  'H'        8.03999000        6.69000500       33.41999500   1
  'O'       13.03001000       11.55000000       26.44001500   2
  'H'       13.25999500       11.25999000       27.37000000   1
  'H'       12.04000000       11.43999500       26.29000500   1
  'O'        5.22000500        2.39998500        3.13999000   2
  'H'        4.91001000        1.68000000        2.53001000   1
  'H'        5.44999000        3.20999000        2.60998500   1
  'O'        8.00999500        1.66999000       21.32000500   2
  'H'        7.71001000        2.11001000       20.46999500   1
  'H'        7.36001000        1.89000000       22.05000000   1
  'O'       34.63001500       10.75000500       33.34999500   2
  'H'       33.78000500       10.72001000       33.86999000   1
  'H'       34.87998500       11.70001000       33.18000000   1
  'O'        2.22999000       22.03999000        3.43000000   2
  'H'        2.29999000       22.69998500        4.17000500   1
  'H'        3.06001500       22.06998500        2.87000000   1
  'O'       33.51999000       33.30001500       17.52999500   2
  'H'       33.11000000       33.71000500       16.71999000   1
  'H'       34.49001500       33.09999000       17.34999000   1
  'O'        6.28001500       11.20000000       12.48999500   2
  'H'        6.49001500       11.78999500       11.70998500   1
  'H'        6.48000500       10.24999500       12.25000000   1
  'O'        6.73998500        9.43999000       32.31000500   2
  'H'        7.22998500        8.73001500       32.81001500   1
  'H'        6.53999500       10.20999000       32.92999500   1
  'O'        9.01001500       17.89000500       29.62001000   2
  'H'        8.96000000       17.93998500       30.61999500   1
  'H'        9.96999500       17.92000000       29.33000000   1
  'O'       34.84001500       19.64000500       29.06998500   2
  'H'        0.01998500       20.38001000       29.72000500   1
  'H'        0.05999000       18.76000000       29.51000500   1
  'O'       16.88001000       13.16000000       18.81999000   2
  'H'       17.03999500       12.20999500       19.08000500   1
  'H'       17.10999500       13.76000500       19.58999000   1
  'O'       33.23999000        5.33001000       27.56999000   2
  'H'       32.29999500        5.40001000       27.91001500   1
  'H'       33.79001500        4.80000500       28.22001000   1
  'O'       33.89998500        2.46001000       17.06001500   2
  'H'       34.70999000        1.93000500       16.82999500   1
  'H'       34.17001000        3.33000500       17.45999500   1
  'O'       17.06999000       20.32999500       26.43000500   2
  'H'       16.88998500       21.05999000       25.77001000   1
  'H'       17.97999000       20.45998500       26.82998500   1
  'O'        6.35999000        1.02000500        5.33998500   2
  'H'        6.98001500        0.33999000        4.95001500   1
  'H'        5.89001000        1.49999500        4.60001500   1
  'O'       16.04998500       13.17001000       15.06001000   2
  'H'       15.41001000       12.40001000       15.10001500   1
  'H'       15.62998500       13.98001500       15.48001000   1
  'O'        3.16001000       22.90001000       23.61999500   2
  'H'        3.61000500       23.01001500       22.73999000   1
  'H'        3.34999000       23.71001500       24.19000500   1
  'O'       15.80999000        0.89001500       27.93000000   2
  'H'       16.21000500        0.43998500       27.13000500   1
  'H'       14.82001500        0.99998500       27.77999000   1
  'O'       10.31999500       15.07999500       22.72000500   2
  'H'        9.43001500       14.81000500       22.35999500   1
  'H'       10.96000500       15.21999500       21.96001500   1
  'O'       14.88000500        8.17999000       27.67999500   2
  'H'       15.41998500        8.48001000       26.89998500   1
  'H'       14.16999500        7.54999000       27.37000000   1
  'O'       34.94001000       11.18001500       21.47999000   2
  'H'        0.71001000       11.25999000       20.84999000   1
  'H'       34.10001000       11.03000500       20.97000500   1
  'O'       34.31998500       31.65998500       14.14000000   2
  'H'       34.16000000       30.77000500       13.70999000   1
  'H'       34.72000000       32.28001000       13.48000500   1
  'O'        7.40999000        7.88000500       25.59000500   2
  'H'        6.77999000        8.17999000       24.86001000   1
  'H'        7.23999500        6.91999000       25.78999500   1
  'O'       12.34999500       29.17999000       34.87998500   2
  'H'       12.19998500       28.92001000        0.82999000   1
  'H'       13.31998500       29.16000500       34.66998500   1
  'O'        6.03001000       10.23998500       29.65000500   2
  'H'        6.23000000        9.94000000       30.57999000   1
  'H'        6.32999500        9.53001000       28.99998500   1
  'O'        6.52001000        1.03001500       27.53999500   2
  'H'        7.18000500        0.47999000       28.05001500   1
  'H'        6.87001000        1.96000000       27.42001500   1
  'O'        5.19001000       33.01000500       25.95999000   2
  'H'        6.10001000       33.05998500       26.36000500   1
  'H'        5.13999500       33.58999000       25.14001000   1
  'O'        3.55001500        4.94000500       16.43999000   2
  'H'        2.61999500        5.23999000       16.22999000   1
  'H'        4.18999000        5.37001500       15.80999000   1
  'O'       11.64999500       29.62001000       18.77001000   2
  'H'       11.21001000       29.80999000       17.89000500   1
  'H'       12.27999500       28.85001000       18.67001500   1
  'O'        7.14000000        1.79000500       24.43000000   2
  'H'        7.78998500        2.53998500       24.48001500   1
  'H'        7.60000500        0.92001000       24.64000000   1
  'O'        7.85001000       15.47000000       33.09999000   2
  'H'        8.76001000       15.77999500       33.36000500   1
  'H'        7.30999500       16.25001000       32.77001000   1
  'O'        8.48998500       16.11998500       15.26000000   2
  'H'        9.22001500       15.55001000       14.88000500   1
  'H'        8.84999500       16.67001000       16.01999000   1
  'O'        4.49998500        5.37999000       25.01999500   2
  'H'        5.50000500        5.34999500       25.10000500   1
  'H'        4.11999000        4.49998500       25.31000500   1
  'O'       19.48999500       20.84001500       27.77001500   2
  'H'       19.71000500       21.54001500       27.10001000   1
  'H'       19.46000000       21.23999500       28.68999000   1
  'O'        9.71999000        0.23999500       22.61000000   2
  'H'       10.45999500       34.81999500       22.10001500   1
  'H'        9.29999000        0.96999000       22.06001000   1
  'O'       27.32999500        6.74999500       30.03000000   2
  'H'       27.52998500        7.46000500       30.70000500   1
  'H'       26.72999000        7.12001500       29.31999000   1
  'O'        5.11000000        6.53999500       32.36999500   2
  'H'        5.44001500        6.69000500       33.30001500   1
  'H'        4.27000000        7.05999000       32.21998500   1
  'O'       11.70998500        2.32998500       17.13001500   2
  'H'       12.09001500        1.45999000       17.44001000   1
  'H'       12.08000500        3.08000000       17.68000500   1
  'O'        6.51000000       34.38001000       13.51000000   2
  'H'        6.94001000        0.25000500       13.76000500   1
  'H'        7.08998500       33.61998500       13.80998500   1
  'O'        2.18001000        4.81999000       10.78000000   2
  'H'        2.61999500        5.37999000       10.06999000   1
  'H'        2.04001000        5.37999000       11.60001500   1
  'O'       13.24001000        1.34001000       27.10001000   2
  'H'       13.56999000        2.19999500       26.72001500   1
  'H'       12.60000000        0.91000000       26.47001000   1
  'O'       16.53001000       10.10999500       19.15000500   2
  'H'       15.68000000       10.01000000       18.63001000   1
  'H'       17.24999500        9.57001500       18.70998500   1
  'O'        3.73999500       10.27001500       25.53001500   2
  'H'        3.44998500       10.86998500       26.26998500   1
  'H'        4.04999000       10.82000500       24.75000500   1
  'O'       18.42998500       10.50000000       23.45000000   2
  'H'       18.53999000       11.04001500       24.27999000   1
  'H'       19.09001500        9.74998500       23.43999000   1
  'O'       13.59998500        0.50998500       23.92001500   2
  'H'       13.88999500        1.45999000       23.99999000   1
  'H'       12.72999000        0.37999500       24.38999500   1
  'O'        7.57001000        5.96998500       22.73999000   2
  'H'        6.73998500        5.61998500       22.30000500   1
  'H'        7.44999500        6.94001000       22.96000000   1
  'O'       10.57000000       10.41999000       30.25001000   2
  'H'       11.03000500        9.67001000       29.76998500   1
  'H'        9.84000500       10.79001000       29.68000000   1
  'O'       12.40001000        3.58001000       33.01000500   2
  'H'       12.09999000        3.12000500       33.85000500   1
  'H'       12.54998500        2.88998500       32.28998500   1
  'O'       11.50999500        4.60001500       24.66999500   2
  'H'       11.88999000        5.13999500       25.42001000   1
  'H'       11.60999000        5.09999000       23.81001000   1
  'O'       16.56000500        8.72000500       25.48000000   2
  'H'       16.92001500        8.17999000       24.71000000   1
  'H'       17.23998500        9.39998500       25.74999000   1
  'O'        5.09001500       27.34000500       34.16000000   2
  'H'        5.12001000       27.55000500       33.19001000   1
  'H'        4.14998500       27.10001000       34.42001500   1
  'O'       29.17999000       15.91999500       22.42999500   2
  'H'       28.71998500       16.28000500       21.61999000   1
  'H'       28.54999000       15.93000500       23.19999500   1
  'O'       15.91999500       15.55998500       25.13000000   2
  'H'       15.73001500       16.11998500       24.31999500   1
  'H'       15.16000500       14.92998500       25.28998500   1
  'O'       18.15999500        4.46001500       23.36999000   2
  'H'       17.27001500        4.91001000       23.29999000   1
  'H'       18.11001500        3.55999000       22.94001500   1
  'O'        2.67998500       17.97999000       24.41001500   2
  'H'        3.06001500       17.09998500       24.72001000   1
  'H'        3.20999000       18.73000500       24.80999500   1
  'O'        2.11001000       14.36001000       20.76000500   2
  'H'        1.17001500       14.68999000       20.86000000   1
  'H'        2.11001000       13.52001000       20.21999000   1
  'O'        2.01999000        2.08001500        2.11998500   2
  'H'        1.52001500        2.53998500        2.85001500   1
  'H'        2.52000000        1.28999500        2.50001500   1
  'O'       11.21998500       14.26999000       25.04999000   2
  'H'       11.00001000       15.16000500       25.45000500   1
  'H'       10.82000500       14.21000000       24.13999000   1
  'O'       13.59998500        8.13998500       20.20000500   2
  'H'       14.23999500        7.37999500       20.31998500   1
  'H'       13.72000000        8.54000000       19.29000500   1
  'O'       19.01000500       32.07998500       26.64000500   2
  'H'       19.65999000       31.55999000       26.09999000   1
  'H'       19.43000500       32.94000500       26.92000500   1
  'O'        7.99001000       12.04000000       29.51000500   2
  'H'        7.64001000       12.90999500       29.83998500   1
  'H'        7.33001500       11.31000500       29.72000500   1
  'O'        5.50000500        7.49000000       34.98999000   2
  'H'        5.75001000        8.24999000        0.58999500   1
  'H'        4.59000500        7.15001000        0.23999500   1
  'O'       23.94000000       10.83001500        2.39001000   2
  'H'       23.39998500       10.31999500        1.73001500   1
  'H'       24.87999500       10.92000000        2.05999500   1
  'O'        7.09999500       11.92999500       26.30999000   2
  'H'        6.70999000       12.62999500       26.89998500   1
  'H'        6.58000000       11.07998500       26.40001000   1
  'O'       16.25001000        3.43000000       34.32999500   2
  'H'       16.81998500        2.88001000       34.94998500   1
  'H'       15.52001500        3.87999500       34.84999000   1
  'O'       14.85001000        5.34999500       17.75000500   2
  'H'       14.85998500        5.61998500       16.78999000   1
  'H'       15.75000000        5.01000500       18.00998500   1
  'O'        1.47000000       16.81998500       27.51000000   2
  'H'        1.55001000       15.89000000       27.86000000   1
  'H'        0.79999500       16.84000500       26.75998500   1
  'O'        0.92998500       15.17001500       23.43999000   2
  'H'        0.95000500       15.97001000       22.83998500   1
  'H'        1.83998500       14.75999000       23.49000500   1
  'O'       15.82000000        3.82000500       27.00001500   2
  'H'       15.90001000        3.09001000       27.67999500   1
  'H'       16.71999000        4.20000000       26.82001000   1
  'O'        4.03000500        7.72999500       26.58001500   2
  'H'        4.04001500        6.94001000       25.97000000   1
  'H'        3.89000500        8.55998500       26.05001000   1
  'O'       20.86000000        4.67001500       23.92001500   2
  'H'       21.23999500        3.76001500       24.06001500   1
  'H'       19.92000500        4.60001500       23.59000000   1
  'O'       11.66000500        1.61000000       29.30000500   2
  'H'       12.08000500        1.34001000       30.15999000   1
  'H'       12.34999500        1.58000500       28.57001000   1
  'O'       15.34998500        5.85000500       21.98000000   2
  'H'       15.27001000        4.87000500       21.81000500   1
  'H'       16.11001000        6.21999000       21.43998500   1
  'O'       12.43000500        6.98999000       26.69999500   2
  'H'       12.76999500        7.00000000       25.76000000   1
  'H'       11.85999500        7.79999500       26.85000500   1
  'O'        7.50001000       14.61001500       30.25998500   2
  'H'        6.81999500       15.31999000       30.05999500   1
  'H'        7.79999500       14.68999000       31.20999000   1
  'O'        9.85999000        8.31999000       24.58998500   2
  'H'       10.36000000        8.80001500       25.32001500   1
  'H'        9.00000500        7.96001500       24.96000500   1
  'O'       32.20000000        5.54001000       23.96999500   2
  'H'       33.09001500        5.74000000       24.37998500   1
  'H'       31.79998500        4.73000500       24.41001500   1
  'O'        7.54001500       33.83002000        4.20000000   2
  'H'        8.21999500       33.88000000        3.48001500   1
  'H'        7.75999000       33.08000500        4.81999000   1
  'O'       32.39999000       14.54001500       17.71000000   2
  'H'       31.86998500       14.36998500       16.88001000   1
  'H'       33.11000000       15.21999500       17.51998500   1
  'O'        7.61999000       17.94999500       27.04999500   2
  'H'        7.40001500       17.01000000       26.81000000   1
  'H'        7.92998500       17.99000000       28.00000000   1
  'O'       17.44001000       16.74001000       27.13000500   2
  'H'       17.01000000       16.22999000       26.39000000   1
  'H'       16.92001500       17.58001000       27.30000000   1
  'O'       10.79998500       14.21000000       30.28000500   2
  'H'       11.35001000       14.15001000       29.45001500   1
  'H'       10.02001000       13.59001000       30.21000500   1
  'O'        7.26001500       12.36000500       23.67001000   2
  'H'        7.37999500       12.39000000       24.65998500   1
  'H'        8.03001500       11.88001500       23.25998500   1
  'O'        7.11000500        5.30999000       25.85999500   2
  'H'        7.81000500        5.05001000       25.18999000   1
  'H'        7.26001500        4.81001500       26.71000500   1
  'O'       17.62999000        3.93998500        3.61000500   2
  'H'       17.06001500        4.63998500        3.19000500   1
  'H'       17.08000000        3.13001500        3.80999500   1
  'O'        0.19999000        8.84999500       31.58001000   2
  'H'       34.77001500        9.32001000       32.35001000   1
  'H'        0.71998500        8.06001000       31.92000000   1
  'O'       14.36998500        4.99999500        6.63999000   2
  'H'       13.56001500        5.58001500        6.70001500   1
  'H'       14.08998500        4.04999000        6.48000500   1
  'O'       17.97001500       13.77001500       24.65001000   2
  'H'       17.99000000       13.03998500       25.32999000   1
  'H'       17.23998500       14.42000000       24.86998500   1
  'O'       31.37001000        7.98000000       24.75000500   2
  'H'       31.79001000        7.08998500       24.58001000   1
  'H'       31.97001500        8.69998500       24.41001500   1
  'O'        0.00000000        9.91000500       28.61001500   2
  'H'       34.98999000        9.85999000       27.60999500   1
  'H'       34.39999500        9.19999500       28.98000000   1
  'O'       15.86000500        6.24001000        2.63000500   2
  'H'       15.38999000        5.69999500        1.94001500   1
  'H'       15.23000500        6.91999000        3.01000000   1
  'O'        6.42999000       26.92000500       21.98000000   2
  'H'        6.24998500       27.90000500       21.91000000   1
  'H'        6.70001500       26.68998500       22.91999500   1
  'O'       19.02999000       17.75000500       20.63999000   2
  'H'       18.76000000       18.21001000       19.79999000   1
  'H'       19.79999000       18.22999500       21.05001500   1
  'O'       12.26998500       14.36001000       28.08001000   2
  'H'       11.46001500       14.30999500       27.49999000   1
  'H'       13.07001500       14.01998500       27.56999000   1
  'O'       26.54001000        9.15001500       26.25000000   2
  'H'       27.38998500        8.68000000       26.02001500   1
  'H'       26.01000500        9.29999000       25.42001000   1
  'O'       17.59999500       10.20999000       15.03999000   2
  'H'       18.03000500       10.80999500       14.36001000   1
  'H'       16.61999500       10.37998500       15.06998500   1
  'O'       13.25999500       15.51000500       21.28000000   2
  'H'       13.13000500       16.18998500       21.99998500   1
  'H'       14.08001000       14.98000000       21.47001500   1
  'O'       26.29000500       29.13001000       30.64001500   2
  'H'       27.17001000       28.71998500       30.42000500   1
  'H'       25.95999000       28.77000000       31.51998500   1
  'O'        0.42000000        8.41998500       21.81000500   2
  'H'        0.22998500        9.39001000       21.99998500   1
  'H'        0.05999000        8.17999000       20.91001500   1
  'O'        6.56001500       14.61001500        3.48001500   2
  'H'        5.85000500       14.19001500        2.91000500   1
  'H'        6.13000500       15.13001000        4.21001000   1
  'O'       10.51001000       10.15000000       17.31999500   2
  'H'       11.08999500        9.42000500       16.95998500   1
  'H'       10.48001500       10.90999000       16.66000000   1
  'O'       18.41000000       17.20999000       23.81998500   2
  'H'       17.48999000       17.33000500       23.46001000   1
  'H'       18.87000500       16.46998500       23.32998500   1
  'O'       20.91001500        9.38000000       31.90001500   2
  'H'       21.18000500       10.01000000       32.63998500   1
  'H'       20.17998500        8.76998500       32.22999500   1
  'O'       33.33001000        9.91000500       24.58001000   2
  'H'       33.33998500       10.85000000       24.23998500   1
  'H'       34.24001000        9.67001000       24.92000000   1
  'O'       20.30000000       16.81001000       25.90000000   2
  'H'       19.58999000       16.98000500       25.21001000   1
  'H'       20.17998500       15.90001000       26.29000500   1
  'O'        4.11999000       12.27999500       29.69998500   2
  'H'        3.73999500       12.61001000       30.56000500   1
  'H'        4.80000500       11.56998500       29.87999000   1
  'O'        3.29000000        9.89999500       12.64000500   2
  'H'        3.08000000       10.02998500       11.67001500   1
  'H'        3.44001000       10.79001000       13.06000500   1
  'O'        8.61000000       12.01000500       15.61000000   2
  'H'        7.71998500       12.23999000       16.01999000   1
  'H'        8.69001000       12.47998500       14.72999500   1
  'O'        5.50000500       16.46998500       29.59001500   2
  'H'        6.16000000       17.22000000       29.62001000   1
  'H'        4.91998500       16.56000500       28.78001000   1
  'O'       13.94998500       13.63001500       25.10000500   2
  'H'       13.03998500       14.02999500       24.97999000   1
  'H'       13.87001000       12.74000000       25.55000000   1
  'O'       10.06001500        5.89001000       29.90998500   2
  'H'        9.12999500        6.24998500       30.00000500   1
  'H'       10.08000000        5.19001000       29.19000000   1
  'O'        8.70999500       30.21000500        0.50998500   2
  'H'        9.08001500       29.61000000       34.80001000   1
  'H'        7.91000000       30.68999500        0.15998500   1
  'O'        4.76000000       10.23001000       20.72000000   2
  'H'        5.68998500       10.58001000       20.59001000   1
  'H'        4.22999500       10.37001000       19.89001000   1
  'O'       11.04999000       29.79000500        4.14998500   2
  'H'       11.55000000       30.18998500        4.91998500   1
  'H'       10.68000500       28.89999000        4.41000000   1
  'O'       34.28001500       16.50001500       13.49001500   2
  'H'       34.45998500       15.68000000       14.02999500   1
  'H'        0.14000000       16.95001000       13.24998500   1
  'O'        4.14001000       16.99001500       27.03998500   2
  'H'        3.20001500       16.87000000       27.35001500   1
  'H'        4.31000500       17.96000500       26.85000500   1
  'O'        8.37000500        2.99999000        3.76001500   2
  'H'        8.24001500        2.63000500        4.67999000   1
  'H'        7.77000000        3.79001000        3.62999000   1
  'O'        0.96999000       12.79999000        8.97998500   2
  'H'        0.96001500       13.63001500        9.53998500   1
  'H'        1.68000000       12.88000000        8.27998500   1
  'O'       16.94000000        7.93999500        5.29000500   2
  'H'       15.96000000        7.77000000        5.18000000   1
  'H'       17.45999500        7.26999000        4.74999000   1
  'O'        1.30000500        0.96001500       16.63000500   2
  'H'        1.42999500       34.97000500       16.68999500   1
  'H'        2.01999000        1.42999500       17.13999000   1
  'O'       11.62000000        8.06001000       29.41001000   2
  'H'       12.58001500        7.84000000       29.55998500   1
  'H'       11.04999000        7.33001500       29.77999500   1
  'O'       11.36999500        2.11998500        0.05999000   2
  'H'       11.38000500        1.13001000       34.94998500   1
  'H'       10.47000500        2.40999500        0.36998500   1
  'O'       20.42001500       11.42001000       25.91998500   2
  'H'       21.01001000       11.27000000       25.13000000   1
  'H'       20.81999500       11.00001000       26.72999000   1
  'O'       10.57000000        0.07000000        6.11999500   2
  'H'       10.47000500        0.12001500        7.12001500   1
  'H'       10.31999500       34.16000000        5.81000000   1
  'O'        9.32998500       14.22998500        7.63000000   2
  'H'        9.15001500       14.51999500        6.69000500   1
  'H'        9.08001500       13.27000500        7.74000500   1
  'O'       20.56999000       14.78998500       29.45999000   2
  'H'       20.59998500       14.22001000       28.63000000   1
  'H'       20.03001000       15.61000000       29.28999500   1
  'O'       13.98001500        9.57999000       24.58998500   2
  'H'       13.77001500       10.17999500       25.35998500   1
  'H'       14.77000000        9.01001500       24.80999500   1
  'O'       12.32000000        7.05001500        0.12001500   2
  'H'       11.81001500        6.90000500       34.27000500   1
  'H'       13.17001000        7.53000500       34.91001500   1
  'O'       18.52000500        1.55001000       24.69999000   2
  'H'       18.35998500        2.53001000       24.76999000   1
  'H'       17.64000000        1.07999500       24.59999500   1
  'O'       20.13000500       14.84000000        0.14000000   2
  'H'       20.09000000       15.76001000        0.53000500   1
  'H'       19.26001000       14.63000000       34.67999500   1
  'O'        9.81998500       16.81001000       19.47998500   2
  'H'        9.68999500       17.05000500       18.50999500   1
  'H'        9.52000000       15.87001500       19.62999500   1
  'O'        9.82999500       11.07001000       23.32001000   2
  'H'        9.95998500       10.08000000       23.39001000   1
  'H'       10.69001500       11.50999500       23.08001500   1
  'O'        5.09999000       34.65000000       23.74998500   2
  'H'        5.22000500        0.56000000       24.12000500   1
  'H'        5.81000000       34.45998500       23.08001500   1
  'O'       12.54998500       12.40001000       20.52001000   2
  'H'       13.04999500       11.60001500       20.86000000   1
  'H'       12.93999000       13.23000000       20.91001500   1
  'O'       25.04999000       15.23000500       34.14999000   2
  'H'       24.85000000       16.17000000       34.42999000   1
  'H'       24.19000500       14.72999500       34.03998500   1
  'O'       28.40001500       12.12998500       23.04998500   2
  'H'       29.23000500       12.62999500       22.83001000   1
  'H'       28.50998500       11.17000500       22.80999000   1
  'O'       11.25001500       26.05001000       32.15999500   2
  'H'       11.55000000       25.18999000       31.73999500   1
  'H'       11.31000500       26.78000500       31.48999000   1
  'O'       24.87999500       34.30000000       27.59001000   2
  'H'       24.10999500       34.17001000       26.96001000   1
  'H'       24.64000000       33.93001500       28.49000000   1
  'O'        3.34001500        3.79001000       27.76000500   2
  'H'        2.70000500        3.48001500       28.47001500   1
  'H'        3.26000500        4.77998500       27.63999000   1
  'O'       23.26999500       18.53999000       31.13001500   2
  'H'       23.63000500       18.11999000       31.97001500   1
  'H'       23.99001500       18.57999500       30.43999000   1
  'O'        7.63000000        3.89000500       28.07000000   2
  'H'        8.59001500        3.65998500       27.95999500   1
  'H'        7.53000500        4.60999000       28.75999000   1
  'O'        3.86998500       11.22999500       18.22999500   2
  'H'        4.13000000       12.06999500       17.75000500   1
  'H'        4.21001000       10.44001000       17.72001000   1
  'O'       12.50000500       11.97000000       32.03000500   2
  'H'       12.02999000       11.53001500       31.27001500   1
  'H'       12.19998500       12.93001500       32.10000500   1
  'O'        5.47998500       32.69000000       29.93000500   2
  'H'        4.64999500       32.95999000       29.45001500   1
  'H'        6.10001000       33.47998500       29.97998500   1
  'O'        5.60000000        5.96998500       14.78001000   2
  'H'        6.48000500        6.35999000       15.03001500   1
  'H'        4.90000000        6.67999500       14.75001500   1
  'O'       10.19000500       20.17998500        1.21999500   2
  'H'        9.33999500       20.53999500        0.84000000   1
  'H'       10.05000500       19.92000500        2.17000000   1
  'O'        7.26999000       30.66000000       29.14999500   2
  'H'        7.02999500       30.29001500       28.25000500   1
  'H'        6.62000500       31.38999500       29.38999000   1
  'O'       15.10999000       14.57001000       17.37998500   2
  'H'       14.49000000       13.86000000       17.72001000   1
  'H'       16.04001000       14.37999500       17.69999000   1
  'O'       18.53001500       10.09998500        3.37998500   2
  'H'       17.80999500        9.68999500        3.94999500   1
  'H'       19.05001000        9.36999000        2.92999000   1
  'O'        1.49999500       15.06001000       10.54000500   2
  'H'        1.24999000       15.90001000       11.01999500   1
  'H'        2.08001500       14.50001000       11.13000000   1
  'O'        9.95998500       12.04000000       26.61001000   2
  'H'        8.96000000       11.98998500       26.57000500   1
  'H'       10.30998500       12.58001500       25.84998500   1
  'O'        6.86000000       19.86999000       11.73000500   2
  'H'        7.44999500       19.53000000       11.00001000   1
  'H'        6.56001500       19.09999000       12.29000500   1
  'O'        7.25000500       19.55999500        8.51000500   2
  'H'        6.98001500       19.13999500        7.64998500   1
  'H'        7.81000500       18.91998500        9.04001000   1
  'O'       27.56001500       29.20001000        5.68001000   2
  'H'       28.47999000       28.96999000        5.99000500   1
  'H'       27.24001000       30.01001500        6.17001000   1
  'O'        8.51000500        4.45000500       16.10000000   2
  'H'        8.09000500        4.46001500       17.01000000   1
  'H'        9.35000500        4.99999500       16.11001000   1
  'O'       20.42001500       32.39001500        9.92999000   2
  'H'       20.02000000       33.29000500       10.12000500   1
  'H'       19.92000500       31.69001500       10.44001000   1
  'O'       11.59000500       22.66999000        0.91000000   2
  'H'       12.58001500       22.76001000        0.82001500   1
  'H'       11.32999000       21.71998500        0.78998500   1
  'O'       10.62001500       25.11001500        0.01998500   2
  'H'       11.14998500       25.49998500       34.27000500   1
  'H'       11.11999000       24.34001500        0.40999000   1
  'O'        6.10998500       25.95001500        9.67001000   2
  'H'        5.16001500       26.23999000        9.53001000   1
  'H'        6.59998500       26.65999000       10.16998500   1
  'O'       13.21999000       20.70999000       16.56000500   2
  'H'       12.23999000       20.91001500       16.45000000   1
  'H'       13.76000500       21.49000000       16.24000000   1
  'O'        7.28000000       22.41998500       12.72999000   2
  'H'        6.84001500       23.04001000       12.08000500   1
  'H'        7.08001000       21.47999000       12.47001000   1
  'O'        5.44001500       33.79999000       19.02999000   2
  'H'        4.60999000       33.25000000       19.09999000   1
  'H'        5.33001000       34.49001500       18.31000500   1
  'O'        7.85998500       28.47999000       11.39999000   2
  'H'        7.64001000       29.19000000       10.73999500   1
  'H'        8.82000000       28.21000000       11.31000500   1
  'O'       10.82000500        3.30998500        8.27998500   2
  'H'       10.06999000        3.65001000        8.84999500   1
  'H'       11.01999500        2.36001500        8.52999000   1
  'O'        7.00000000       21.65999500       17.58998500   2
  'H'        7.54001500       21.32000500       16.81001000   1
  'H'        6.41000500       20.93000000       17.93001000   1
  'O'       18.00001000       19.34999500       10.72998500   2
  'H'       18.62000000       19.96001000       10.23001000   1
  'H'       18.32001500       19.26001000       11.67999000   1
  'O'       14.54999000       33.40001000       20.88999500   2
  'H'       14.11000500       32.50999500       21.01001000   1
  'H'       15.06998500       33.40998500       20.03001000   1
  'O'        4.04999000        3.69999000        5.27999500   2
  'H'        4.74001500        3.83001500        5.99000500   1
  'H'        4.48000000        3.29000000        4.46999000   1
  'O'       12.51001500       34.67999500       18.39001500   2
  'H'       12.54001000       34.95999500       19.34999500   1
  'H'       13.37000000       34.91999000       17.93998500   1
  'O'       10.16998500       27.27000500       11.14998500   2
  'H'        9.94000000       26.29000500       11.11999000   1
  'H'       11.11999000       27.37000000       11.43999500   1
  'O'       19.41999500       17.62001500        3.76999000   2
  'H'       19.57000500       16.91000500        4.46001500   1
  'H'       19.97999500       17.44001000        2.96999500   1
  'O'       34.93000000       21.98000000        6.73998500   2
  'H'        0.75001500       21.42000000        6.88999500   1
  'H'       34.69000500       22.45001500        7.58999500   1
  'O'       32.56998500       32.74999000       31.31999500   2
  'H'       32.42001000       31.76001500       31.26000500   1
  'H'       31.68000500       33.20999500       31.36000000   1
  'O'       17.33000500       28.36001000        5.54998500   2
  'H'       17.44001000       29.13001000        4.91998500   1
  'H'       18.04999000       27.69000500        5.36000500   1
  'O'       13.97000500       22.97001000        3.92000000   2
  'H'       14.02999500       22.00999500        4.20000000   1
  'H'       13.90000500       23.54999500        4.71999500   1
  'O'        3.82000500       26.26998500       20.63999000   2
  'H'        3.44998500       27.03998500       20.11999500   1
  'H'        4.77998500       26.46000000       20.87001000   1
  'O'        6.20000500       25.80000500       13.20000500   2
  'H'        6.90000500       25.21001000       12.79999000   1
  'H'        5.33998500       25.28998500       13.28001500   1
  'O'       16.59000000       32.01999500        8.06001000   2
  'H'       16.80000000       32.11999000        9.03000000   1
  'H'       17.44001000       31.96000500        7.54001500   1
  'O'       21.68001500       16.45000000       12.26998500   2
  'H'       21.75999000       17.41001500       12.55999500   1
  'H'       21.26001500       16.42000500       11.35998500   1
  'O'        2.92001500       31.83999000       15.45999000   2
  'H'        2.43999000       31.09001000       14.99001000   1
  'H'        3.90999000       31.69999000       15.38999000   1
  'O'       15.90998500        1.52001500        4.71999500   2
  'H'       14.93999500        1.55001000        4.97000000   1
  'H'       16.45000000        1.23000500        5.50000500   1
  'O'       33.41999500       22.80999000       18.87000500   2
  'H'       34.24001000       23.33999500       18.66000500   1
  'H'       32.63001000       23.42000500       18.94000500   1
  'O'       16.61999500        6.95999500       12.89001000   2
  'H'       16.85001500        6.31001000       12.16001500   1
  'H'       17.45999500        7.23999500       13.37000000   1
  'O'        3.09998500       21.71998500        7.04000500   2
  'H'        2.88998500       22.52001500        6.48000500   1
  'H'        3.55001500       21.02999500        6.46999500   1
  'O'       11.48000000       18.49998500        4.00001000   2
  'H'       12.37001500       18.94000500        4.10000500   1
  'H'       11.50999500       17.85000000        3.24999500   1
  'O'       20.97000500       32.81999000       29.69998500   2
  'H'       20.65000000       33.37999000       28.92998500   1
  'H'       20.42999000       31.97999000       29.75000000   1
  'O'       11.20000000       25.92999500       18.56001000   2
  'H'       10.72001000       25.35998500       17.89000500   1
  'H'       10.72998500       25.88999000       19.44001500   1
  'O'       18.67999000       27.80001000       11.81999000   2
  'H'       18.08999500       27.42001500       12.54001000   1
  'H'       18.97000000       27.06000500       11.21001000   1
  'O'       10.79001000       24.90001500       21.28000000   2
  'H'        9.84000500       25.07998500       21.01998500   1
  'H'       10.82000500       24.20999000       21.99998500   1
  'O'       15.84999500       20.51000000        6.95999500   2
  'H'       15.80001500       19.86001500        7.71998500   1
  'H'       16.38000000       20.10998500        6.21001500   1
  'O'       34.07001500       19.23001500        9.26999500   2
  'H'       33.12001000       19.53000000        9.33999500   1
  'H'       34.30000000       19.09999000        8.30000500   1
  'O'        5.96001000       28.68001500        4.42001000   2
  'H'        5.81000000       27.80001000        4.87000500   1
  'H'        6.87001000       28.68001500        3.99000000   1
  'O'        9.60998500       21.40001500        6.94001000   2
  'H'        8.98999500       21.65999500        6.18999500   1
  'H'        9.18998500       21.64998500        7.81000500   1
  'O'       13.49001500       23.60998500       19.68001000   2
  'H'       14.36001000       24.02001000       19.40998500   1
  'H'       12.99000500       24.24999500       20.28001500   1
  'O'       16.36999000       28.11000500       10.38999500   2
  'H'       17.30001000       27.91001500       10.69999000   1
  'H'       16.36001500       28.22998500        9.39998500   1
  'O'       14.65999500       17.22000000        5.99000500   2
  'H'       13.66998500       17.34999000        5.93001500   1
  'H'       15.06001000       17.27999000        5.06999500   1
  'O'        5.60000000       28.42000000       13.10998500   2
  'H'        6.25999500       28.65999500       12.39000000   1
  'H'        5.57000500       27.42001500       13.20000500   1
  'O'       13.18999500        4.67999000        9.88001000   2
  'H'       12.47998500        4.38000500        9.22999000   1
  'H'       13.31998500        5.65999000        9.78999000   1
  'O'       15.72000500       31.73999500       13.90000500   2
  'H'       16.01999000       31.03999500       14.54999000   1
  'H'       15.38999000       31.29000000       13.06000500   1
  'O'       33.16999000       21.78998500       32.04001500   2
  'H'       32.39999000       21.60000500       31.43000000   1
  'H'       32.97000000       22.59001500       32.60999000   1
  'O'       10.09001000       26.05998500       14.22001000   2
  'H'       11.06000000       26.19998500       14.02999500   1
  'H'        9.78001500       25.21998500       13.77999000   1
  'O'       14.78001000       25.25001500       14.29998500   2
  'H'       15.33000000       24.48001500       13.95999500   1
  'H'       13.87001000       25.20000000       13.88999500   1
  'O'        3.58998500       17.65998500       15.94001500   2
  'H'        4.50999500       17.37001000       16.18998500   1
  'H'        3.59999500       18.62000000       15.66001500   1
  'O'       15.17999000        3.20999000       21.78001000   2
  'H'       14.99998500        2.71001500       22.62001000   1
  'H'       16.11001000        3.01000000       21.47001500   1
  'O'       23.50001500       19.23001500        6.77001500   2
  'H'       24.30001000       19.32000000        7.36001000   1
  'H'       23.32001000       20.10001000        6.31001000   1
  'O'       11.73000500       18.83000000        9.85001500   2
  'H'       12.40998500       18.39999000       10.44998500   1
  'H'       11.06000000       18.14998500        9.56000500   1
  'O'       10.33000500       20.56999000       17.02998500   2
  'H'        9.53998500       20.97000500       16.57001500   1
  'H'       10.65001000       21.19999000       17.73999500   1
  'O'       32.49001000       18.74001500       28.04000500   2
  'H'       33.37001500       18.95001500       28.46000500   1
  'H'       32.62000000       18.60001500       27.06000500   1
  'O'       12.43000500       16.60998500       19.02001500   2
  'H'       12.86999000       16.01999000       19.68998500   1
  'H'       11.52000500       16.85999000       19.33001000   1
  'O'       12.51001500       17.78000000       15.87999000   2
  'H'       12.19001000       17.94999500       14.93999500   1
  'H'       13.27000500       18.39001500       16.08001500   1
  'O'        5.15000500       23.88001000       30.71999000   2
  'H'        4.48000000       24.36000000       30.15001500   1
  'H'        5.72999000       24.55999000       31.16998500   1
  'O'       14.95000500       23.70000500       32.46001500   2
  'H'       14.33001500       22.97001000       32.18001500   1
  'H'       14.47001500       24.31999500       33.08000500   1
  'O'        4.67001500       22.10001500        2.36001500   2
  'H'        4.78999500       21.33999000        1.72000500   1
  'H'        5.53000000       22.61000000        2.43001500   1
  'O'       15.40000000       30.53001000       11.25001500   2
  'H'       15.66999000       29.59999000       11.01999500   1
  'H'       14.43001000       30.64999000       11.04999000   1
  'O'       17.30001000       12.37999000       29.02000500   2
  'H'       16.40999500       11.92999500       28.95000500   1
  'H'       17.17999500       13.34000500       29.24999000   1
  'O'        5.79001500       22.87001500       15.48998500   2
  'H'        6.17001000       22.38001500       16.26999500   1
  'H'        6.06000500       22.40000000       14.64001000   1
  'O'       12.82998500       33.74000000        8.10999000   2
  'H'       13.27000500       33.26998500        7.35000000   1
  'H'       13.46999500       33.82001000        8.87001500   1
  'O'        8.40000000       27.80001000        6.25999500   2
  'H'        8.98999500       27.97000500        7.05001500   1
  'H'        8.96000000       27.73001000        5.44001500   1
  'O'       11.49998500       22.87001500       11.06000000   2
  'H'       11.39001500       22.41998500       11.94000500   1
  'H'       12.19998500       22.41001000       10.51998500   1
  'O'        3.55001500       22.40000000       18.70998500   2
  'H'        3.51001000       22.89000000       17.83999000   1
  'H'        4.24000500       21.68001500       18.66000500   1
  'O'       17.97001500       16.81998500        9.70000500   2
  'H'       17.76999000       17.75000500        9.99999000   1
  'H'       18.91001000       16.57999000        9.95998500   1
  'O'        9.26999500       24.69999000       11.04999000   2
  'H'        9.95998500       24.10999500       11.46001500   1
  'H'        9.11998500       24.41999000       10.09998500   1
  'O'        9.64001500       11.99999500        4.76000000   2
  'H'       10.05000500       11.71999500        3.90001500   1
  'H'        9.50999000       12.99000500        4.77001000   1
  'O'        5.55999500       28.22001000       15.90001000   2
  'H'        6.30000000       28.61001500       16.45000000   1
  'H'        5.64000500       28.53000500       14.95000500   1
  'O'       21.56000000       22.35999500        8.84999500   2
  'H'       21.71998500       23.32001000        8.62001000   1
  'H'       21.75001500       21.78998500        8.05000000   1
  'O'       10.44001000       27.04999500        4.46999000   2
  'H'       11.00998500       26.36000500        4.91001000   1
  'H'       10.09001000       26.68001000        3.61000500   1
  'O'        2.70000500       30.77000500        6.24998500   2
  'H'        2.15001500       30.15999000        6.81999500   1
  'H'        2.73000000       31.68000500        6.66998500   1
  'O'       19.34999500        5.93999000        7.01001000   2
  'H'       19.75998500        6.80001000        6.70999000   1
  'H'       19.53000000        5.23001500        6.32999500   1
  'O'       17.34001500       23.03000000        1.34001000   2
  'H'       17.48999000       23.92001500        1.76998500   1
  'H'       17.65998500       22.30000500        1.94999000   1
  'O'       33.12001000       30.11001000        4.85999500   2
  'H'       33.65001500       30.95001000        4.95999000   1
  'H'       33.32000000       29.69001000        3.97999000   1
  'O'       11.95001500       34.94001000       21.12999000   2
  'H'       12.78000500       34.52998500       21.50998500   1
  'H'       12.09999000        0.91000000       20.98001500   1
  'O'       17.41999000       26.12998500       14.15998500   2
  'H'       17.90001500       25.27000000       14.33001500   1
  'H'       16.43999000       25.95999000       14.08001000   1
  'O'       14.11000500       26.71000500       11.29999500   2
  'H'       13.66998500       27.00999000       10.45999500   1
  'H'       15.03999000       27.07999000       11.35001000   1
  'O'       28.35000000       24.06001500       12.79999000   2
  'H'       28.25000500       24.51001000       13.69000500   1
  'H'       28.37999500       24.73999500       12.08000500   1
  'O'       11.73000500       10.79998500       13.73001000   2
  'H'       11.28998500       11.29999500       12.97999500   1
  'H'       11.67999000       11.35001000       14.57001000   1
  'O'       12.18000000       29.10999000       14.64001000   2
  'H'       12.15000500       30.07000500       14.36001000   1
  'H'       11.28001000       28.82001500       14.95000500   1
  'O'        0.72999500       26.86999000        3.51001000   2
  'H'        1.33000000       26.54001000        2.77000500   1
  'H'        1.28999500       27.23000000        4.25999000   1
  'O'        7.09999500       29.84999500       17.41001500   2
  'H'        7.11000500       30.68999500       17.94999500   1
  'H'        7.89001500       29.27998500       17.65001000   1
  'O'       15.93000500       31.44001000       17.55001500   2
  'H'       14.95000500       31.59999500       17.43000000   1
  'H'       16.22999000       30.74001000       16.91000500   1
  'O'        7.05999000       30.78999000       10.30998500   2
  'H'        6.74999500       31.66999500       10.69001500   1
  'H'        6.52998500       30.57001500        9.49000500   1
  'O'        3.57000000       26.65001500        9.46998500   2
  'H'        2.78999000       26.04000000        9.53998500   1
  'H'        3.30998500       27.56001500        9.80000000   1
  'O'       11.04001500       24.27001500        8.05000000   2
  'H'       10.30998500       23.60001000        8.17001500   1
  'H'       11.91001000       23.88001000        8.34001000   1
  'O'       14.26001500        8.23000500       12.12998500   2
  'H'       14.46000500        8.98999500       11.50999500   1
  'H'       15.10999000        7.75001500       12.36000500   1
  'O'       18.70998500       33.26001000       16.32001000   2
  'H'       19.30999000       33.89998500       16.80000000   1
  'H'       19.08000500       32.32999000       16.39001000   1
  'O'       13.03001000       25.32999000        2.50001500   2
  'H'       13.56001500       25.39001500        1.65000500   1
  'H'       13.38998500       24.58998500        3.06001500   1
  'O'        0.93999500       29.73001500       28.65999500   2
  'H'        0.46000500       29.14999500       29.31001500   1
  'H'        0.88000500       30.67998500       28.93999500   1
  'O'        8.20998500       25.92999500       20.17001000   2
  'H'        7.78001000       25.25999000       19.55999500   1
  'H'        7.53000500       26.30001500       20.79000000   1
  'O'       18.94000500       23.46001000       11.98001000   2
  'H'       18.88999000       24.34999000       11.53999000   1
  'H'       19.85000500       23.07000500       11.84001000   1
  'O'       13.53999500       18.99999500       18.63998500   2
  'H'       13.31001000       19.55999500       17.85000000   1
  'H'       12.96998500       18.17000500       18.63998500   1
  'O'       16.54999500       16.98000500       13.38001000   2
  'H'       17.29000000       17.64000000       13.25999500   1
  'H'       16.39001000       16.50001500       12.51999000   1
  'O'       15.62998500       23.12999500       16.60998500   2
  'H'       15.33000000       24.09001000       16.61999500   1
  'H'       16.01999000       22.89000000       17.50000000   1
  'O'       22.16000500        0.28000000       10.23001000   2
  'H'       22.10001500       34.63001500       10.99000000   1
  'H'       21.23999500        0.57998500        9.98000500   1
  'O'       14.65999500       15.24001500       29.86000500   2
  'H'       14.29001000       16.17000000       29.76001000   1
  'H'       13.90000500       14.58999500       29.86000500   1
  'O'        6.21999000       17.23001000       16.56000500   2
  'H'        6.77001500       16.74998500       15.87999000   1
  'H'        6.09000000       16.64001500       17.36000000   1
  'O'       31.29000000        2.40999500        8.10001500   2
  'H'       30.38000000        2.54999500        8.48998500   1
  'H'       31.97999000        2.71999000        8.73999000   1
  'O'        8.84999500       18.11001500       10.96000500   2
  'H'        9.26999500       18.50999500       11.77001000   1
  'H'        9.42000500       17.37001000       10.62001500   1
  'O'       12.46000000       31.16998500       26.79001500   2
  'H'       13.04999500       31.23001000       27.59998500   1
  'H'       12.86999000       31.69001500       26.04000000   1
  'O'       29.03001500       24.48001500        0.42000000   2
  'H'       29.19000000       25.20000000        1.10001500   1
  'H'       29.84999500       23.92001500        0.32000500   1
  'O'        6.93000000       25.32999000       32.03000500   2
  'H'        7.08998500       26.32000000       32.00998500   1
  'H'        7.23999500       24.97001500       32.91001000   1
  'O'       10.90999000       31.30998500       16.67001000   2
  'H'       10.64000000       32.17000500       17.09001000   1
  'H'       10.82000500       31.37001000       15.68000000   1
  'O'       18.06000000        1.62998500       18.83000000   2
  'H'       18.07001000        0.64001000       18.66000500   1
  'H'       18.04999000        1.79000500       19.82001000   1
  'O'       14.71998500       23.28000500       26.39000000   2
  'H'       15.24999000       23.92001500       26.93999000   1
  'H'       15.27998500       22.94001500       25.63998500   1
  'O'        6.31001000        8.14999500       28.08998500   2
  'H'        5.40998500        8.19000000       27.66001000   1
  'H'        7.01001000        8.14999500       27.37000000   1
  'O'       13.42001500       29.70999500       30.70000500   2
  'H'       13.70001500       28.81000500       31.02998500   1
  'H'       14.22001000       30.22001500       30.39001000   1
  'O'       15.40000000       34.38998500        9.47999500   2
  'H'       15.52001500       34.84001500       10.37001000   1
  'H'       16.19999500       33.83002000        9.28000500   1
  'O'        3.72998500       24.57000000       13.13000500   2
  'H'        2.74998500       24.73999500       13.13000500   1
  'H'        3.97001500       24.02001000       12.33001000   1
  'O'        7.50998500       16.49000500        8.06001000   2
  'H'        8.02000500       15.62998500        8.14999500   1
  'H'        6.59998500       16.38000000        8.45001500   1
  'O'       10.16998500       18.50999500       13.37000000   2
  'H'        9.53998500       18.48000000       14.14000000   1
  'H'       10.72998500       17.68000500       13.35999000   1
  'O'       14.15998500       21.19001500       20.24998500   2
  'H'       13.95999500       20.45001000       19.61001000   1
  'H'       13.87998500       22.06001000       19.83999500   1
  'O'       28.71998500       26.78000500       33.58999000   2
  'H'       28.60000500       25.92999500       34.10998500   1
  'H'       28.93999500       26.55999500       32.63998500   1
  'O'        2.12999500       29.06998500        9.96999500   2
  'H'        1.16000500       29.07999500       10.19000500   1
  'H'        2.66000000       29.41001000       10.75000500   1
  'O'       15.56999500       18.38000500       15.52999000   2
  'H'       15.80001500       17.68000500       14.85001000   1
  'H'       15.76998500       18.03000500       16.45000000   1
  'O'       32.42001000       22.34998500        5.68001000   2
  'H'       33.30999000       22.30000500        6.13000500   1
  'H'       32.21001000       23.31000000        5.48999500   1
  'O'       34.94001000       19.58999000       18.88001500   2
  'H'        0.63000000       18.88001500       18.74001500   1
  'H'        0.37999500       20.42001500       19.22000500   1
  'O'        9.10000000       18.52000500       21.57001000   2
  'H'        8.17999000       18.91001000       21.54999000   1
  'H'        9.25001000       17.97999000       20.73998500   1
  'O'       13.91001500       19.33001000       13.28999000   2
  'H'       14.47999000       18.98998500       14.04000500   1
  'H'       13.84001500       18.63001000       12.58001500   1
  'O'       17.55001500       26.23001500       22.13998500   2
  'H'       17.65998500       25.81999000       23.04001000   1
  'H'       17.73999500       27.21001500       22.19000000   1
  'O'        2.60998500       27.58000000        5.62999500   2
  'H'        2.94000000       28.50001000        5.43000500   1
  'H'        3.38999500       26.95000000        5.65999000   1
  'O'       14.15001000       17.64000000       10.79001000   2
  'H'       14.77000000       17.79998500       10.02001000   1
  'H'       14.33001500       16.74998500       11.18999000   1
  'O'        5.72999000       21.98000000        8.59999000   2
  'H'        6.31998500       21.22001000        8.30000500   1
  'H'        4.95001500       22.05000000        7.99001000   1
  'O'       30.25998500       29.55998500        8.90001000   2
  'H'       30.99001500       29.27998500        9.52000000   1
  'H'       29.84999500       30.42000500        9.21000500   1
  'O'       18.62000000       19.57000500       13.42001500   2
  'H'       18.38000500       20.24001000       14.12001500   1
  'H'       19.61001000       19.54998500       13.31001000   1
  'O'       15.37000500       27.10001000        0.89999000   2
  'H'       16.17000000       27.00001500        1.49999500   1
  'H'       14.57998500       27.35999000        1.44000500   1
  'O'       32.45000500        2.75999500       10.78000000   2
  'H'       32.97000000        3.44001000       11.29999500   1
  'H'       32.07998500        2.08001500       11.41000000   1
  'O'       12.65001500       25.11999000       12.86999000   2
  'H'       13.24001000       25.77001000       12.39000000   1
  'H'       12.29000500       24.44998500       12.22000500   1
  'O'       19.72001500       27.10001000        2.04001000   2
  'H'       20.70999000       27.00001500        1.90001000   1
  'H'       19.43000500       28.01998500        1.76998500   1
  'O'       14.29998500       24.86998500        8.80999000   2
  'H'       13.93000000       24.03999500        9.22001500   1
  'H'       13.87001000       25.67001500        9.22999000   1
  'O'       13.20000500       31.79001000       18.45000500   2
  'H'       12.61001000       32.59000500       18.56998500   1
  'H'       12.62999500       30.98000500       18.32001500   1
  'O'       19.86999000       25.17000500       17.30001000   2
  'H'       19.39000000       24.75000500       16.53998500   1
  'H'       19.26998500       25.24000500       18.08999500   1
  'O'        3.64000000       26.37999000       15.44000500   2
  'H'        3.76999000       26.01000500       14.51999500   1
  'H'        4.41000000       26.96998500       15.66999000   1
  'O'       12.86001500       28.15998500        2.54999500   2
  'H'       12.58001500       27.21999000        2.74998500   1
  'H'       12.37999000       28.78998500        3.15000000   1
  'O'        9.60001000       24.27001500       16.82999500   2
  'H'        9.85999000       24.16001000       15.87001500   1
  'H'        8.66001500       24.58001000       16.88998500   1
  'O'       13.84999000       24.83999000        6.09000000   2
  'H'       14.22998500       24.65001000        6.98999000   1
  'H'       14.36001000       25.57999500        5.65999000   1
  'O'        9.50001500       23.04998500       14.12001500   2
  'H'       10.24999500       22.38999000       14.08001000   1
  'H'        8.73999000       22.73999000       13.53999500   1
  'O'       26.27999500       30.88001000       11.46999000   2
  'H'       26.50000500       29.90998500       11.39001500   1
  'H'       26.92000500       31.30998500       12.11000000   1
  'O'        7.09999500       23.28000500        2.39998500   2
  'H'        8.05000000       23.53001000        2.21000500   1
  'H'        6.58000000       24.09001000        2.64999000   1
  'O'       11.66000500       21.04000500       13.17998500   2
  'H'       11.04999000       20.24998500       13.07999000   1
  'H'       12.60000000       20.73001000       13.31001000   1
  'O'       19.61001000       25.74001500       10.27001500   2
  'H'       20.56001500       25.98998500       10.44001000   1
  'H'       19.51001500       25.38000500        9.33999500   1
  'O'        4.77001000       30.45000000       34.41000500   2
  'H'        4.80000500       29.52001500       34.03998500   1
  'H'        4.21998500       30.45000000        0.25000500   1
  'O'        8.38001500       34.27000500       24.72001000   2
  'H'        8.34998500       33.27999500       24.86998500   1
  'H'        8.86000500       34.46999500       23.87000000   1
  'O'       17.33000500       15.33000000        4.00998500   2
  'H'       17.02998500       14.37999500        3.97999000   1
  'H'       18.17000500       15.40000000        4.56001000   1
  'O'       31.01000000       25.64999500       30.78999000   2
  'H'       31.30001000       26.06999500       29.93000500   1
  'H'       30.24000000       25.04001500       30.60998500   1
  'O'       16.73000000       33.69999500       19.04000000   2
  'H'       16.52000000       32.98001000       18.36999500   1
  'H'       17.36000000       33.33998500       19.72999000   1
  'O'       28.00000000       26.30999000       27.80998500   2
  'H'       27.93000000       25.43999500       28.29001000   1
  'H'       28.68999000       26.23001500       27.07999000   1
  'O'       15.20998500       30.95998500        1.21999500   2
  'H'       15.27001000       30.39001000        0.40001500   1
  'H'       15.94001500       31.64000000        1.20001000   1
  'O'        7.65999500       19.48999500       24.90001500   2
  'H'        8.48998500       19.53000000       24.34999000   1
  'H'        7.71998500       18.74001500       25.55000000   1
  'O'        9.33999500       28.33001500       15.48001000   2
  'H'        9.14000500       28.05001500       16.42000500   1
  'H'        9.52000000       27.52001000       14.92001000   1
  'O'       20.51000000       30.17000000       21.96999000   2
  'H'       21.43001000       29.80999000       22.14999500   1
  'H'       20.35001500       30.17000000       20.98999000   1
  'O'       14.50998500       27.73001000       15.40000000   2
  'H'       13.77001500       28.16999500       14.89001500   1
  'H'       14.61001500       26.79001500       15.09000500   1
  'O'       18.77998500       29.44000500        0.93999500   2
  'H'       18.07998500       29.41001000        0.22998500   1
  'H'       19.44999000       30.15001500        0.71998500   1
  'O'        3.68000500       20.09000000       10.83999000   2
  'H'        4.63998500       20.31998500       11.00998500   1
  'H'        3.61000500       19.47998500       10.05000500   1
  'O'       22.17999000       34.70999000        3.71000000   2
  'H'       21.33999000       34.70001500        4.25999000   1
  'H'       22.94001500        0.01998500        4.28001000   1
  'O'       18.48000000        0.99001000       12.30001500   2
  'H'       17.58001000        0.56000000       12.26998500   1
  'H'       18.88999000        0.85001000       13.20000500   1
  'O'       14.91000000       27.24001000        5.06999500   2
  'H'       15.80001500       27.62000500        5.32000000   1
  'H'       14.40999000       27.88999500        4.50999500   1
  'O'        8.13998500       23.38000000        8.27001000   2
  'H'        7.95000500       24.22000000        7.77000000   1
  'H'        7.29001000       22.87001500        8.41998500   1
  'O'       11.14001000       34.55000500       34.59998500   2
  'H'       10.24999500       34.52001000       34.14001500   1
  'H'       11.42998500       33.61998500       34.81999500   1
  'O'       19.40001000       30.50999000       11.53001500   2
  'H'       18.85999500       29.66999000       11.59000500   1
  'H'       19.97999500       30.60001000       12.33998500   1
  'O'        6.66998500       26.75998500       24.61000500   2
  'H'        7.64001000       26.96001000       24.76001500   1
  'H'        6.41000500       25.95001500       25.11999000   1
  'O'        1.13998500       28.74000500        7.57998500   2
  'H'        1.66001500       28.85998500        8.42999500   1
  'H'        1.69998500       28.22998500        6.91999000   1
  'O'        5.99000500       33.15000500       11.08999500   2
  'H'        6.24998500       33.60000000       11.95001500   1
  'H'        5.16001500       33.58001500       10.72998500   1
  'O'       18.13000000       25.03000500       19.67000000   2
  'H'       18.35001000       25.49001000       20.52998500   1
  'H'       17.16001000       24.83001500       19.64000500   1
  'O'        3.40000500       18.39999000        8.65000500   2
  'H'        2.75999500       17.69999000        8.35999500   1
  'H'        3.79001000       18.85999500        7.85001000   1
  'O'       17.13999000        3.33000500       12.12001000   2
  'H'       17.19000500        3.79001000       13.00999000   1
  'H'       17.72998500        2.53001000       12.11000000   1
  'O'        5.62999500       31.41999000       15.06998500   2
  'H'        6.18999500       31.97001500       14.46000500   1
  'H'        6.21999000       30.92001500       15.70999500   1
  'O'       16.85999000       22.80999000        8.44000500   2
  'H'       16.32998500       22.12000000        7.95000500   1
  'H'       16.25001000       23.50001500        8.83001000   1
  'O'        7.78001000        9.29999000       17.78000000   2
  'H'        8.54000000        9.77000500       17.34001500   1
  'H'        8.13998500        8.54000000       18.32999000   1
  'O'       33.68998500       28.32000500        2.50001500   2
  'H'       34.30000000       27.74999500        3.05000500   1
  'H'       34.21999000       28.85001000        1.83998500   1
  'O'       10.90999000        5.58999000       15.76001000   2
  'H'       11.00001000        5.34999500       14.79999500   1
  'H'       11.38000500        4.91001000       16.32001000   1
  'O'       14.39000500       15.70999500       32.77001000   2
  'H'       14.68999000       15.47000000       31.85000000   1
  'H'       15.16000500       16.10000000       33.27999500   1
  'O'        3.92000000       18.18999000        0.75999000   2
  'H'        4.04001500       17.44998500        0.09999500   1
  'H'        3.08000000       18.04999000        1.27001000   1
  'O'       15.63999500       17.23998500        3.50000000   2
  'H'       16.17000000       16.42000500        3.71000000   1
  'H'       15.31999000       17.20001500        2.54999500   1
  'O'        3.24999500       29.83001000       12.33998500   2
  'H'        4.14998500       29.55001000       12.64000500   1
  'H'        2.56000500       29.54000000       13.00001500   1
  'O'        1.48998500       21.33001500       20.23000000   2
  'H'        1.16000500       21.93999500       20.95999500   1
  'H'        2.08001500       21.85001000       19.61001000   1
  'O'        2.18001000       22.58000500       28.65999500   2
  'H'        3.03999500       22.09000500       28.53000500   1
  'H'        1.68000000       22.17999000       29.42999500   1
  'O'        0.43001000       22.16000500        1.20001000   2
  'H'        0.91000000       22.12000000        2.07000500   1
  'H'       34.60999500       22.73001500        1.28999500   1
  'O'        3.61000500        8.90998500       32.18999000   2
  'H'        4.60001500        8.98999500       32.14001000   1
  'H'        3.23001000        8.80001500       31.27001500   1
  'O'       20.63999000        8.55998500       23.59000000   2
  'H'       20.48000500        7.96001500       24.37998500   1
  'H'       21.42000000        9.15999000       23.78001500   1
  'O'       14.72999500        0.47999000       17.01000000   2
  'H'       15.19000000       34.62000500       16.75999500   1
  'H'       15.38999000        1.23000500       16.95998500   1
  'O'       21.30999500       24.76001500       21.00000000   2
  'H'       20.79000000       24.08000000       20.46999500   1
  'H'       22.12000000       25.04001500       20.48000500   1
  'O'        8.61000000       24.23001000       23.57001500   2
  'H'        7.71998500       23.78999000       23.74001000   1
  'H'        9.25001000       23.56000500       23.19999500   1
  'O'        6.41000500       25.35998500       27.30000000   2
  'H'        5.58001500       25.53001500       27.83000500   1
  'H'        7.05001500       26.11000000       27.42001500   1
  'O'       33.62999500       31.71000000       24.68000500   2
  'H'       34.14999000       30.85999000       24.69999000   1
  'H'       33.97999500       32.32999000       25.38000500   1
  'O'       11.94000500       31.66999500       31.55001500   2
  'H'       12.44001500       30.84000500       31.33000500   1
  'H'       11.14001000       31.75000500       30.95998500   1
  'O'       26.90999500       30.57999000        0.92001000   2
  'H'       27.10001000       31.16001000        0.12001500   1
  'H'       27.66998500       30.64001500        1.55998500   1
  'O'       14.82001500       26.50000500       24.93001000   2
  'H'       15.68000000       26.93001500       25.21001000   1
  'H'       14.12001500       26.67000000       25.63001000   1
  'O'        1.90001000        6.35999000       29.00999500   2
  'H'        2.24000000        7.28000000       29.20001000   1
  'H'        1.34001000        6.03998500       29.76998500   1
  'O'        0.01998500       30.38000000       20.95999500   2
  'H'        0.01001000       30.56000500       19.97999500   1
  'H'        0.79999500       29.80999000       21.19001500   1
  'O'        4.04001500       28.18000500       18.39001500   2
  'H'        3.26000500       27.73001000       17.94999500   1
  'H'        4.80000500       28.25000500       17.73999500   1
  'O'       18.70001000       20.35001500       23.39998500   2
  'H'       19.41999500       19.93001500       22.83998500   1
  'H'       18.25999000       19.65001500       23.95998500   1
  'O'       30.64999000       28.99001000        1.59001500   2
  'H'       30.08999000       29.80999000        1.49999500   1
  'H'       31.54000500       29.24001500        1.97998500   1
  'O'       32.60001500       27.74999500       23.75999500   2
  'H'       33.20999500       27.59001000       22.97998500   1
  'H'       32.39001500       26.86999000       24.20001500   1
  'O'        9.11001000       29.83001000       22.83998500   2
  'H'        9.25998500       30.18001000       21.92001000   1
  'H'        9.98000500       29.80999000       23.32998500   1
  'O'       12.75001000        2.46998500       20.52998500   2
  'H'       12.32000000        3.16998500       19.95000000   1
  'H'       13.66001000        2.78001500       20.80001000   1
  'O'        3.90001500        1.41001000       26.19998500   2
  'H'        3.50000000        2.18001000       26.69999500   1
  'H'        4.80000500        1.20001000       26.60000000   1
  'O'       15.65000500       30.96999500       30.03000000   2
  'H'       15.26000000       31.52999500       29.28999500   1
  'H'       16.33999500       31.51001000       30.52000000   1
  'O'       10.90001500       16.67998500       26.68001000   2
  'H'        9.96999500       17.03999500       26.72999000   1
  'H'       11.42998500       17.01000000       27.45998500   1
  'O'       30.45000000        0.23999500       18.28998500   2
  'H'       31.41001500        0.40999000       18.49998500   1
  'H'       30.39001000       34.66001000       17.47000500   1
  'O'       11.88999000       31.44998500       22.55001000   2
  'H'       11.56001000       30.80000000       23.22999000   1
  'H'       11.14001000       31.72001000       21.95000500   1
  'O'        7.49000000       21.40001500       34.87998500   2
  'H'        7.32000500       22.03999000        0.61999000   1
  'H'        6.95999500       20.56999000        0.02999500   1
  'O'       15.21999500        1.09000500       32.60999000   2
  'H'       15.90001000        1.06998500       31.87999500   1
  'H'       15.10999000        2.01999000       32.94000500   1
  'O'        2.03000000       18.52000500       32.81001500   2
  'H'        1.55998500       19.06999500       33.50000500   1
  'H'        1.49999500       18.53999000       31.96000500   1
  'O'        6.51000000       19.71000500       21.58999500   2
  'H'        6.02000000       19.18000000       22.27998500   1
  'H'        6.48000500       20.67999500       21.82999000   1
  'O'        4.39001500        1.19000000       29.86000500   2
  'H'        5.27999500        0.86999500       30.18001000   1
  'H'        4.53001500        1.90998500       29.17001500   1
  'O'       12.93999000       21.29001000       31.86998500   2
  'H'       13.07999000       20.91999000       30.95001000   1
  'H'       12.46000000       20.60999500       32.42998500   1
  'O'        2.39998500       23.89999500        5.54001000   2
  'H'        1.66001500       24.08000000        6.18999500   1
  'H'        2.98000500       24.71000000        5.47001000   1
  'O'       33.27999500       23.77000500        0.92001000   2
  'H'       32.84998500       24.29000000        1.66001500   1
  'H'       32.56001000       23.32001000        0.37999500   1
  'O'        7.89001500       21.28000000       27.21999000   2
  'H'        7.82001500       20.76000500       26.37001500   1
  'H'        7.72999500       20.67999500       28.00000000   1
  'O'       22.21999500       20.95999500       19.95000000   2
  'H'       23.04998500       20.72000000       19.43000500   1
  'H'       21.88000500       21.84000000       19.62999500   1
  'O'        0.40999000       19.65999000       34.67999500   2
  'H'       34.56001500       19.51999000       34.17001000   1
  'H'        0.39000500       20.55000500        0.12999000   1
  'O'        6.59998500       29.52001500       22.03001500   2
  'H'        6.07999000       30.32001000       22.34001000   1
  'H'        7.51999500       29.55998500       22.41998500   1
  'O'        4.71999500       20.53999500        0.21000000   2
  'H'        4.46001500       19.61998500        0.51999500   1
  'H'        4.27000000       20.73998500       34.34000500   1
  'O'        8.66999000       27.30000000       27.07999000   2
  'H'        8.97001000       27.03001000       26.16999000   1
  'H'        9.39001000       27.81999500       27.52998500   1
  'O'       17.87999500       26.75998500       28.33001500   2
  'H'       17.55001500       27.28001500       29.12000000   1
  'H'       18.60999000       26.13999500       28.61999000   1
  'O'       10.19000500       22.20998500       22.41001000   2
  'H'       10.06999000       22.12000000       21.42000000   1
  'H'       10.41999000       21.32000500       22.80999000   1
  'O'       15.41998500       29.45001500       25.43999500   2
  'H'       14.68001500       28.91000000       25.81999000   1
  'H'       16.28000500       28.93999500       25.53001500   1
  'O'        9.99001500       33.72001500       17.72998500   2
  'H'        9.64999000       34.37000000       17.06001500   1
  'H'       10.83001500       34.07999000       18.14001000   1
  'O'        0.70000000       17.09998500       30.15999000   2
  'H'       34.90000500       16.50999000       30.25001000   1
  'H'        0.99998500       17.09998500       29.20998500   1
  'O'       22.69001000        3.96000500       16.40999500   2
  'H'       21.99998500        4.67999000       16.39998500   1
  'H'       22.59999000        3.40000500       15.59001500   1
  'O'       13.00999000       19.50000500       24.51001000   2
  'H'       12.92000500       20.21001500       25.21001000   1
  'H'       13.69000500       19.79001500       23.82999500   1
  'O'       20.04999500       30.77000500       19.37999000   2
  'H'       20.97000500       30.60001000       19.02999000   1
  'H'       19.37999000       30.28000500       18.81999000   1
  'O'        5.58001500       18.03000500       23.53998500   2
  'H'        6.11999500       18.35001000       24.31999500   1
  'H'        5.37001500       17.06001500       23.66000000   1
  'O'       19.15000500       17.55999000       30.99999000   2
  'H'       18.66000500       16.71001500       30.84000500   1
  'H'       19.53000000       17.90001500       30.14000500   1
  'O'        1.13998500       32.48000000       29.10001500   2
  'H'        1.97998500       32.85999500       28.71998500   1
  'H'        0.53000500       33.22000500       29.37000500   1
  'O'        7.86999500       21.19001500       32.18001500   2
  'H'        7.51999500       21.43001000       33.08000500   1
  'H'        8.41001000       21.93999500       31.82000500   1
  'O'        2.98000500       20.98001500       25.22999500   2
  'H'        3.80999500       20.83000500       25.77001000   1
  'H'        2.95001000       21.92001000       24.90999000   1
  'O'        4.70001000       29.14999500       25.21001000   2
  'H'        4.99999500       28.39000500       24.65001000   1
  'H'        3.86998500       29.55001000       24.82000500   1
  'O'        0.98000000       26.81000000       25.36999500   2
  'H'        0.81000500       25.85999500       25.64999500   1
  'H'        1.84999500       27.11999500       25.74999000   1
  'O'        4.71999500       21.75001500       28.82999000   2
  'H'        5.09999000       21.99001000       27.93000000   1
  'H'        5.12998500       22.34001000       29.52999000   1
  'O'        9.47999500       26.58999000        2.11998500   2
  'H'        9.99999000       25.81999000        1.76001000   1
  'H'        8.52999000       26.51999000        1.83001000   1
  'O'        9.81001000       31.57000000       29.80001500   2
  'H'        8.80999000       31.52999500       29.72000500   1
  'H'       10.19000500       31.93998500       28.95000500   1
  'O'        0.71998500       30.00000500       18.28998500   2
  'H'        0.92001000       29.03001500       18.17000500   1
  'H'        1.37000500       30.53998500       17.76001500   1
  'O'       10.96000500       22.41998500       18.87000500   2
  'H'       11.81999000       22.87999000       19.11000000   1
  'H'       10.36000000       23.05999500       18.39999000   1
  'O'       28.18000500       24.27001500       19.33001000   2
  'H'       28.33001500       23.80000000       18.45000500   1
  'H'       27.65000000       23.67998500       19.93001500   1
  'O'        2.92001500       32.49998500       19.82998500   2
  'H'        2.18001000       32.28998500       20.46999500   1
  'H'        3.59999500       31.76001500       19.86001500   1
  'O'        7.40999000       15.40000000       26.36000500   2
  'H'        7.26001500       15.31999000       25.38000500   1
  'H'        6.87001000       14.71001000       26.83999500   1
  'O'        7.99001000       20.77999000       15.27998500   2
  'H'        7.99001000       21.53000500       14.61001500   1
  'H'        7.22001000       20.17001000       15.09000500   1
  'O'        8.10001500       31.52999500       25.11001500   2
  'H'        7.74000500       30.85999000       25.76000000   1
  'H'        8.24001500       31.09001000       24.23001000   1
  'O'        2.45000000       27.24998500       32.21998500   2
  'H'        1.82000000       28.01998500       32.28998500   1
  'H'        3.09998500       27.41000500       31.47000500   1
  'O'       17.47000500       32.67999000       23.15999000   2
  'H'       17.83999000       32.69000000       22.23000500   1
  'H'       16.92999000       31.85000000       23.29001500   1
  'O'        2.22001500       28.64001000       21.32000500   2
  'H'        2.26999500       28.93999500       22.27001000   1
  'H'        2.96999500       29.06998500       20.80001000   1
  'O'       11.25999000        0.15001000       25.04001500   2
  'H'       10.80999500       34.77001500       25.84998500   1
  'H'       10.58001000        0.39000500       24.36000000   1
  'O'       11.42998500       29.30000500       24.06001500   2
  'H'       11.14998500       28.81000500       24.89000500   1
  'H'       12.09001500       28.74000500       23.54999500   1
  'O'        6.59001000       22.09000500       24.23001000   2
  'H'        6.45001000       22.10999000       23.25001000   1
  'H'        6.88999500       21.16999500       24.50000000   1
  'O'       20.58000000       28.81000500       27.27000500   2
  'H'       20.13000500       29.23000500       28.05999000   1
  'H'       21.26999000       28.15998500       27.59001000   1
  'O'       13.24001000       31.79998500        2.91000500   2
  'H'       13.84001500       31.37001000        2.24000000   1
  'H'       12.27999500       31.58998500        2.68999500   1
  'O'        8.75000000       31.27001500        5.47998500   2
  'H'        9.05999500       30.77000500        4.67999000   1
  'H'        9.50001500       31.83999000        5.82998500   1
  'O'       16.49000500       32.11001500       25.98998500   2
  'H'       17.41999000       32.15999500       26.37999000   1
  'H'       16.32001000       31.19000500       25.63998500   1
  'O'        9.78001500       19.15000500       31.94999500   2
  'H'        9.38000000       20.04999500       32.11999000   1
  'H'       10.50000000       18.97000000       32.62000000   1
  'O'        9.60001000       30.71001500       20.39999500   2
  'H'       10.37001000       30.24000000       19.96998500   1
  'H'        8.94001500       30.96999500       19.69999500   1
  'O'        6.88999500       26.37999000        0.99998500   2
  'H'        7.15998500       25.64999500        0.36998500   1
  'H'        6.17001000       26.93001500        0.57998500   1
  'O'        4.94000500       28.14000000       30.78001500   2
  'H'        5.85000500       27.80001000       30.54999500   1
  'H'        4.95001500       29.13998500       30.82999500   1
  'O'        8.10001500       23.57001500       28.54001500   2
  'H'        8.06998500       22.69998500       28.05001500   1
  'H'        7.53000500       24.23998500       28.07000000   1
  'O'        5.44999000        0.53000500       16.84000500   2
  'H'        4.84001000        1.31001500       16.95001000   1
  'H'        5.19001000        0.01998500       16.01999000   1
  'O'        5.50000500       22.90998500       26.50000500   2
  'H'        6.17998500       23.61999500       26.65999000   1
  'H'        5.50000500       22.66001500       25.53001500   1
  'O'       13.32999500       32.70998500       24.68000500   2
  'H'       12.93999000       32.10000500       23.98000500   1
  'H'       13.69000500       33.53000000       24.23998500   1
  'O'        6.83000500       34.07001500       21.68999000   2
  'H'        6.37000000       34.09000000       20.80998500   1
  'H'        7.75001500       34.46999500       21.60000500   1
  'O'       15.37000500       24.15000000       23.38000000   2
  'H'       15.13001000       24.54000500       22.49999500   1
  'H'       15.06001000       24.76001500       24.10999500   1
  'O'       30.11001000        0.15001000        0.98000000   2
  'H'       29.61000000       34.42001500        0.51999500   1
  'H'       30.21000500        0.92998500        0.36001000   1
  'O'        5.62999500       14.04000500       28.01998500   2
  'H'        5.71000500       14.78001000       28.68999000   1
  'H'        5.09001500       13.30000000       28.40999000   1
  'O'       15.44000500       30.71999000        4.24000500   2
  'H'       14.75999000       31.03999500        3.58001000   1
  'H'       16.28000500       30.46998500        3.76999000   1
  'O'        4.14001000       26.04000000       28.92998500   2
  'H'        3.44998500       26.30999000       28.26001500   1
  'H'        4.27000000       26.78000500       29.59001500   1
  'O'        7.08001000       29.48001000       26.51001500   2
  'H'        7.54999000       28.60000500       26.58999000   1
  'H'        6.23000000       29.35999500       25.99999500   1
  'O'       15.51000500       25.39999000       20.65000000   2
  'H'       16.29999000       25.62000000       21.21000000   1
  'H'       15.02000500       26.23999000       20.41000500   1
  'O'       26.82998500       23.82999500       28.67000500   2
  'H'       26.54001000       22.90001000       28.89001500   1
  'H'       26.25000000       24.20999000       27.95999500   1
  'O'        8.05000000       24.33000500       34.74999500   2
  'H'        9.00000500       24.62999000       34.83000500   1
  'H'        8.03001500       23.36999000       34.49999000   1
  'O'       10.62001500       28.98000000       30.38000000   2
  'H'       11.48000000       29.23000500       30.84000500   1
  'H'        9.99999000       29.76001000       30.39998500   1
  'O'        2.03000000       25.20000000       33.99000500   2
  'H'        2.14000500       25.81001500       33.19998500   1
  'H'        1.19000000       25.45000500       34.48000500   1
  'O'       15.03999000       20.13000500       22.66001500   2
  'H'       14.77000000       20.53999500       21.78001000   1
  'H'       15.55001000       20.79000000       23.18998500   1
  'O'       34.39999500       25.95001500       31.83001500   2
  'H'        0.02999500       25.46999000       31.23001000   1
  'H'       33.68001000       25.32999000       32.14001000   1
  'O'       16.01001500       17.69999000       22.83001000   2
  'H'       15.69001000       17.06001500       22.13001000   1
  'H'       15.47000000       18.55000000       22.77999500   1
  'O'        7.01001000       24.20001500       18.81999000   2
  'H'        6.49001500       24.80999500       18.21998500   1
  'H'        7.19999000       23.35000500       18.32999000   1
  'O'        2.17000000        2.81001000       30.32001000   2
  'H'        1.45999000        2.39001000       30.88001000   1
  'H'        3.06999000        2.60998500       30.71999000   1
  'O'       31.68000500       26.36000500       28.35000000   2
  'H'       30.95001000       26.47001000       27.66998500   1
  'H'       32.38000500       27.06000500       28.19999000   1
  'O'       32.35998500       24.40000500       32.73000500   2
  'H'       31.85000000       24.02998500       33.50000500   1
  'H'       31.72001000       24.80999500       32.07998500   1
  'O'        6.18999500       16.36999000        5.65999000   2
  'H'        6.39999500       17.16998500        5.09999000   1
  'H'        6.66998500       16.43999000        6.53999500   1
  'O'        1.44000500       33.09001500       17.38999500   2
  'H'        2.05999500       32.71999500       16.68999500   1
  'H'        1.90001000       33.05998500       18.28001000   1
  'O'       31.34001500       30.80000000       25.95001500   2
  'H'       30.54999500       31.37001000       25.74001500   1
  'H'       32.18001500       31.26000500       25.63001000   1
  'O'        0.01998500       25.78999500        0.51999500   2
  'H'       34.35999000       25.04001500        0.60000500   1
  'H'       34.59001000       26.65001500        0.77000000   1
  'O'        0.79999500       21.50001000       31.02998500   2
  'H'        1.54000000       21.47999000       31.69999000   1
  'H'       34.91999000       21.50998500       31.51001000   1
  'O'       11.04999000       11.21001000        2.70000500   2
  'H'       11.38000500       11.74999000        1.91999500   1
  'H'       10.62001500       10.37001000        2.36001500   1
  'O'       12.93001500       26.85000500       26.90999500   2
  'H'       12.12998500       27.38001000       27.21001500   1
  'H'       13.27000500       26.30999000       27.66998500   1
  'O'        7.12001500       17.94999500       31.93998500   2
  'H'        7.74000500       18.69000000       32.20000000   1
  'H'        6.17001000       18.27000000       32.00998500   1
  'O'       30.00000500       26.22000500       25.98001000   2
  'H'       29.89000000       27.17001000       25.69000000   1
  'H'       30.71001500       25.78999500       25.42998500   1
  'O'        4.46001500       30.64001500       31.59999500   2
  'H'        4.60999000       30.77000500       32.57999500   1
  'H'        5.11000000       31.20999000       31.09001000   1
  'O'        6.59001000       22.31001500       21.71001000   2
  'H'        5.75001000       22.69998500       21.35000000   1
  'H'        7.36998500       22.86000500       21.42000000   1
  'O'       23.67001000       26.89998500       14.18000500   2
  'H'       23.46998500       27.53999500       13.44000000   1
  'H'       22.94001500       26.93999000       14.86999500   1
  'O'       33.89998500        4.98998500       32.28998500   2
  'H'       34.83000500        4.83000000       32.60999000   1
  'H'       33.65001500        4.28001000       31.62999000   1
  'O'       18.28998500       20.98999000       17.83001500   2
  'H'       17.97999000       21.12001500       16.88998500   1
  'H'       18.39001500       20.02000000       18.01999500   1
  'O'        3.37001000       24.85000000       25.84998500   2
  'H'        4.04001500       24.61000500       26.55999500   1
  'H'        2.49000500       24.43000000       26.06999500   1
  'O'       11.73000500       31.90999000       34.23000000   2
  'H'       11.94000500       30.96999500       34.51000000   1
  'H'       11.67001500       31.94999500       33.23999000   1
  'O'       12.25000000       21.96001500       26.72001500   2
  'H'       11.45000500       22.09000500       26.13999500   1
  'H'       12.96001000       22.62001000       26.47998500   1
  'O'       22.80999000       28.09999500       28.89999000   2
  'H'       23.46998500       28.74000500       28.50998500   1
  'H'       23.21000500       27.18999500       28.93999500   1
  'O'       10.27999000       32.36999500       11.81999000   2
  'H'        9.46998500       31.79998500       11.91998500   1
  'H'       10.05000500       33.32000000       12.02999000   1
  'O'        3.58998500       34.72000000        2.18001000   2
  'H'        2.67001000       34.35001500        2.01999000   1
  'H'        4.03000500       34.21999000        2.92001500   1
  'O'        9.36999000       26.82998500       24.44998500   2
  'H'        9.24000000       25.88999000       24.15000000   1
  'H'        9.42000500       27.42999000       23.64999000   1
  'O'        2.22999000       24.90999000        2.01999000   2
  'H'        2.08001500       23.94000000        2.22999000   1
  'H'        1.80001500       25.11999000        1.13998500   1
  'O'        9.53001000       34.18999500        2.15999000   2
  'H'       10.20999000       34.90000500        2.01001500   1
  'H'        9.99001500       33.30999000        2.32001000   1
  'O'        7.50998500       32.11999000       18.53001500   2
  'H'        8.24999000       32.73000500       18.24000500   1
  'H'        6.70999000       32.66000500       18.78999500   1
  'O'        2.31000000       29.80001500       23.95001000   2
  'H'        1.42999500       29.73999000       24.41001500   1
  'H'        2.52000000       30.75999500       23.75999500   1
  'O'       17.87999500       19.02001500       32.91001000   2
  'H'       18.35001000       18.36999500       32.31000500   1
  'H'       17.48001500       19.75001000       32.35001000   1
  'O'        4.77998500       19.04000000       31.76999000   2
  'H'        4.74999000       20.03998500       31.66999500   1
  'H'        3.94999500       18.73000500       32.21998500   1
  'O'        6.65000000       32.04999000        0.04000500   2
  'H'        5.95000000       31.43000000       34.70001500   1
  'H'        6.35001500       32.46001500        0.89999000   1
  'O'        9.92001500        8.97998500        1.89000000   2
  'H'       10.02998500        8.02000500        2.15001500   1
  'H'        9.22999000        9.05999500        1.17001500   1
  'O'        0.64001000       23.31000000       16.25001000   2
  'H'        1.62998500       23.43001500       16.17000000   1
  'H'        0.32000500       23.70000500       17.10999500   1
  'O'       13.87998500       25.73000500       33.81000000   2
  'H'       13.58000000       26.39000000       33.12001000   1
  'H'       14.33999000       26.20999500       34.56001500   1
  'O'        6.27000500       15.33000000       18.49001000   2
  'H'        6.00999000       15.56999500       19.41999500   1
  'H'        7.22998500       15.06001000       18.46999000   1
  'O'        8.90001000       30.21000500       13.46999500   2
  'H'        9.04001000       29.70999500       14.32000500   1
  'H'        8.48001000       29.59999000       12.79001500   1
  'O'       11.07001000       24.44998500        5.12998500   2
  'H'       10.71000000       24.19000500        6.03001000   1
  'H'       12.05001000       24.59999500        5.19001000   1
  'O'        5.16999000       25.21001000        2.78999000   2
  'H'        4.25999000       25.07998500        2.39998500   1
  'H'        5.69999500       25.83000000        2.22001500   1
  'O'        8.79000500        6.98999000        4.27000000   2
  'H'        9.40999500        6.67999500        3.54000500   1
  'H'        9.24000000        7.71001000        4.80000500   1
  'O'       10.80999500       28.85998500       27.72000000   2
  'H'       10.55001500       28.89999000       28.68001500   1
  'H'       11.39001500       29.65000500       27.49001500   1
  'O'       13.25999500       24.68000500       29.13001000   2
  'H'       13.35999000       24.06001500       28.35000000   1
  'H'       12.54001000       24.34001500       29.73001500   1
  'O'       34.73001000       30.19999500       33.83999500   2
  'H'        0.28000000       30.60001000       33.09999000   1
  'H'       34.16000000       29.47000000       33.47001000   1
  'O'        9.10000000       23.47999500       31.13001500   2
  'H'        8.84999500       24.30998500       31.64000000   1
  'H'        8.72000500       23.53001000       30.19999500   1
  'O'       11.74001500       31.65001000       14.09999500   2
  'H'       11.17000500       31.83999000       13.31001000   1
  'H'       12.51001500       32.28998500       14.12999000   1
  'O'        4.00001000       34.77001500       32.63001000   2
  'H'        3.89000500        0.09999500       31.69001500   1
  'H'        4.97000000       34.60999500       32.81001500   1
  'O'        4.35998500       30.25001000       20.07999000   2
  'H'        5.09999000       30.36001500       20.73998500   1
  'H'        4.55000000       29.47000000       19.48999500   1
  'O'       20.79000000       26.82998500       25.34000000   2
  'H'       20.49999000       27.56001500       25.95999000   1
  'H'       21.09999500       26.04000000       25.87000500   1
  'O'       32.01999500       23.63000500       28.05999000   2
  'H'       32.70001000       23.42000500       27.35999000   1
  'H'       32.08999500       24.58998500       28.33001500   1
  'O'        7.79999500       28.05001500       31.90999000   2
  'H'        8.21999500       28.16999500       32.81001500   1
  'H'        8.42999500       28.36998500       31.20001500   1
  'O'       14.32000500       17.97999000       30.19999500   2
  'H'       14.68999000       18.49001000       29.41998500   1
  'H'       14.89999000       18.13000000       30.99999000   1
  'O'       29.48998500       31.41999000       18.92999500   2
  'H'       30.15999000       30.99001500       18.32001500   1
  'H'       29.68000000       31.16998500       19.86999000   1
  'O'       20.86000000        0.15998500       24.83001500   2
  'H'       20.73001000       34.60999500       24.01000000   1
  'H'       20.06000500        0.74000500       24.97999000   1
  'O'       30.56000500       29.16000500       33.65999000   2
  'H'       30.70000500       29.10999000       34.65000000   1
  'H'       29.72000500       28.67000500       33.41999500   1
  'O'       13.73001000       27.10001000       30.78999000   2
  'H'       14.71001000       26.89998500       30.78001500   1
  'H'       13.25999500       26.44999000       30.19999500   1
  'O'        7.12999000       20.16000000       29.77999500   2
  'H'        7.21000000       20.62000500       30.66000000   1
  'H'        7.68999000       19.33001000       29.79000500   1
  'O'        3.93998500       34.24998500       14.29998500   2
  'H'        3.54000500       33.33998500       14.29998500   1
  'H'        4.90000000       34.18999500       14.01001000   1
  'O'       11.74001500       23.63000500       31.08000000   2
  'H'       12.16001500       22.79000500       31.44001000   1
  'H'       10.73999500       23.53998500       31.13001500   1
  'O'       16.46001000       21.89999000       24.34999000   2
  'H'       17.37998500       21.64998500       24.03999500   1
  'H'       16.12999500       22.68000000       23.81998500   1
  'O'       22.97998500       19.48999500       27.90000500   2
  'H'       23.84000500       19.19998500       28.29998500   1
  'H'       22.21999500       19.02001500       28.36001000   1
  'O'       27.88999500       15.97001000       29.89000000   2
  'H'       27.20000500       16.18998500       29.19000000   1
  'H'       28.21000000       15.03999000       29.76001000   1
  'O'       34.07999000       27.52001000       15.61000000   2
  'H'       33.97999500       28.50001000       15.76001000   1
  'H'       33.19001000       27.07001500       15.73001500   1
  'O'       19.79999000        3.85000000        5.19998500   2
  'H'       20.45998500        4.31000500        4.60001500   1
  'H'       18.90000000        3.86001000        4.77001000   1
  'O'       19.11000000       12.16999000        1.69998500   2
  'H'       20.03998500       12.51999000        1.73999000   1
  'H'       19.06999500       11.28001000        2.15001500   1
  'O'       11.01999500        0.91000000        9.36999000   2
  'H'       10.55001500        0.43001000       10.12000500   1
  'H'       11.81001500        0.36998500        9.07000500   1
  'O'       32.15999500       14.32000500        0.43001000   2
  'H'       31.50000000       13.91999000        1.06998500   1
  'H'       31.69999000       15.02000500       34.87998500   1
  'O'        2.25001000       14.78998500        4.39999000   2
  'H'        2.28000500       14.88000500        3.40000500   1
  'H'        1.40000000       14.33999000        4.67001500   1
  'O'        4.42998500       19.72999000        5.82001000   2
  'H'        3.96000500       19.40001000        4.98998500   1
  'H'        5.41999500       19.65999000        5.68001000   1
  'O'       31.27999000       18.18999000       19.71000500   2
  'H'       31.38999500       18.45000500       18.74999000   1
  'H'       32.18001500       17.97999000       20.10001000   1
  'O'       18.48000000        9.28000500       17.36000000   2
  'H'       19.44001500        9.35000500       17.61000500   1
  'H'       18.31000500        9.78001500       16.50999000   1
  'O'       28.63000000        4.88001500        7.96001500   2
  'H'       28.74000500        3.90999000        8.17999000   1
  'H'       28.05999000        4.98001000        7.15001000   1
  'O'       23.63000500       13.44000000       20.67999500   2
  'H'       22.97001000       13.16000000       21.37999500   1
  'H'       23.32001000       14.29998500       20.27000500   1
  'O'       33.29000500       14.04000500        6.91999000   2
  'H'       33.11000000       14.95000500        7.28000000   1
  'H'       32.50999500       13.44000000        7.12999000   1
  'O'        5.19998500       19.93999000       19.02001500   2
  'H'        5.72999000       19.95000000       19.86999000   1
  'H'        4.67001500       19.09001500       18.97000000   1
  'O'       13.84999000        9.49000500       17.86998500   2
  'H'       13.77999000       10.48001500       17.78000000   1
  'H'       13.58000000        9.04998500       17.01000000   1
  'O'       28.89999000       24.65998500        4.55000000   2
  'H'       28.82999000       23.81998500        4.01999500   1
  'H'       28.30999500       25.36999500        4.13000000   1
  'O'        5.09999000       13.10998500        9.39998500   2
  'H'        6.03001000       12.75998500        9.38000000   1
  'H'        4.64999500       12.93999000        8.52999000   1
  'O'       23.43001500       21.26001500       14.36001000   2
  'H'       23.89999500       21.25000500       13.48000500   1
  'H'       23.95998500       20.73998500       15.03001500   1
  'O'       19.99000500        7.43998500        3.54000500   2
  'H'       20.03001000        7.84000000        4.45000500   1
  'H'       20.49001500        6.56999000        3.52999500   1
  'O'       23.88998500       14.89001500       12.26998500   2
  'H'       22.97998500       15.27001000       12.37999000   1
  'H'       24.36000000       15.34001000       11.50999500   1
  'O'        0.79999500        8.13998500        0.82999000   2
  'H'        0.50998500        8.68000000        1.62001000   1
  'H'        1.37000500        8.70999500        0.23999500   1
  'O'        0.67000500        1.55998500       22.96000000   2
  'H'       34.95999500        1.20001000       22.35999500   1
  'H'        1.24001500        0.79999500       23.29001500   1
  'O'       11.35998500       32.71999500        5.09999000   2
  'H'       11.98998500       32.14001000        4.57999500   1
  'H'       11.87000500       33.46000000        5.54001000   1
  'O'       22.59999000       11.32999000       33.41999500   2
  'H'       23.28000500       11.21001000       32.70001000   1
  'H'       22.47000000       12.30001500       33.58999000   1
  'O'        3.13001500       12.88000000        7.22998500   2
  'H'        3.37001000       11.98001000        6.84999000   1
  'H'        3.13001500       13.56001500        6.49999000   1
  'O'       22.73001500        6.52998500       22.69001000   2
  'H'       22.97001000        7.22001000       23.36999000   1
  'H'       22.07999500        5.89001000       23.08999000   1
  'O'       31.24999500        8.73999000        9.66000000   2
  'H'       30.38000000        9.22001500        9.66000000   1
  'H'       31.54000500        8.58000500        8.70999500   1
  'O'        1.06998500        9.47999500       16.85001500   2
  'H'        1.87001500        9.99999000       17.16998500   1
  'H'        0.54001500       10.05000500       16.22999000   1
  'O'       31.62999000       33.75001000       11.28998500   2
  'H'       30.92999000       34.41000500       11.56001000   1
  'H'       31.54000500       33.55999500       10.30998500   1
  'O'       21.99998500       10.24999500        7.53000500   2
  'H'       21.81000500        9.68999500        8.34001000   1
  'H'       22.94001500       10.58998500        7.57998500   1
  'O'        1.40000000       20.46999500       15.45999000   2
  'H'        0.54999000       20.00999000       15.69001000   1
  'H'        1.34001000       21.43001000       15.73001500   1
  'O'       19.39000000        6.48000500       17.64000000   2
  'H'       20.24001000        6.52998500       18.15999500   1
  'H'       18.98998500        7.40001500       17.58001000   1
  'O'        2.28000500       19.30001500        4.24000500   2
  'H'        2.17000000       20.24001000        3.89000500   1
  'H'        2.11998500       18.64999500        3.50000000   1
  'O'        2.88001000       11.62000000       27.49999000   2
  'H'        1.89000000       11.59000500       27.65000000   1
  'H'        3.30998500       12.08000500       28.28000000   1
  'O'       24.51001000        4.73000500        0.82999000   2
  'H'       25.42001000        4.39999000        0.57998500   1
  'H'       24.58998500        5.39000000        1.56999500   1
  'O'        2.18001000        6.48000500        7.25000500   2
  'H'        1.21999500        6.23000000        7.40999000   1
  'H'        2.67998500        6.42001500        8.10999000   1
  'O'       17.23998500        6.45001000       20.41000500   2
  'H'       18.18999000        6.45001000       20.72000000   1
  'H'       17.16998500        5.97999500       19.53000000   1
  'O'       28.33999000        9.18001000       12.13999500   2
  'H'       27.49999000        9.12999500       12.67000000   1
  'H'       28.70000000       10.12000500       12.16999000   1
  'O'       21.58999500        8.40000000        9.60001000   2
  'H'       22.20001000        8.80001500       10.29000000   1
  'H'       21.50998500        7.42000000        9.75999500   1
  'O'        0.07000000        9.98000500       11.10000500   2
  'H'       34.58000000        9.89999500       10.23001000   1
  'H'        1.05000000        9.89999500       10.93998500   1
  'O'        4.85999500        6.55000500        6.38998500   2
  'H'        3.92000000        6.83000500        6.56999000   1
  'H'        5.06999500        5.72001500        6.90000500   1
  'O'       17.20999000        5.47001000       10.55001500   2
  'H'       17.09001000        4.55000000       10.93001000   1
  'H'       17.12000500        5.44001500        9.56000500   1
  'O'       19.96998500       23.38000000       22.91999500   2
  'H'       19.96001000       22.42999500       22.61000000   1
  'H'       20.52998500       23.92999000       22.30000500   1
  'O'       31.96000500        3.62001500        5.11000000   2
  'H'       32.03000500        2.73000000        5.55999500   1
  'H'       32.70998500        3.72998500        4.46999000   1
  'O'        5.58999000        4.90000000        2.00000500   2
  'H'        6.21999000        5.08000500        2.75999500   1
  'H'        4.97000000        5.68001000        1.90001000   1
  'O'       25.07998500        5.26998500       16.98000500   2
  'H'       24.36000000        4.67999000       16.60001000   1
  'H'       25.88001500        4.70998500       17.20001500   1
  'O'       29.90998500       10.23001000        0.40001500   2
  'H'       30.04998500        9.33999500       34.98001500   1
  'H'       29.30000500       10.13999000        1.17999000   1
  'O'       28.95000500       19.96998500       23.71999000   2
  'H'       29.38999000       19.65999000       22.87001500   1
  'H'       29.13998500       20.94001000       23.87000000   1
  'O'       24.23998500       13.25999500       23.81998500   2
  'H'       24.87999500       13.86000000       23.32998500   1
  'H'       23.32001000       13.38001000       23.46001000   1
  'O'       23.77000500        9.25998500       11.13000000   2
  'H'       24.30998500        8.44000500       10.97001500   1
  'H'       24.33000500       10.06999000       10.97001500   1
  'O'        9.43999000       11.38000500        7.44999500   2
  'H'        9.35000500       11.49998500        6.45998500   1
  'H'        9.40999500       10.41001500        7.68001500   1
  'O'       17.87999500       18.24000500       18.00998500   2
  'H'       18.36999500       17.54000500       17.48001500   1
  'H'       17.12000500       17.80999500       18.49998500   1
  'O'       29.12000000       24.05000500       30.24000000   2
  'H'       28.22998500       23.92001500       29.80001500   1
  'H'       29.24001500       23.36001500       30.95001000   1
  'O'       20.56001500        2.53001000       21.40001500   2
  'H'       21.08001000        2.80000000       20.59001000   1
  'H'       21.08998500        2.74998500       22.23000500   1
  'O'       31.02001000       20.63999000        4.04999000   2
  'H'       31.55001500       21.23999500        4.66000500   1
  'H'       30.77000500       19.79999000        4.53001500   1
  'O'       30.64001500        1.34001000       12.34999500   2
  'H'       30.73000000        0.82001500       13.21001500   1
  'H'       29.82000000        1.90998500       12.40001000   1
  'O'       31.37998500       10.17999500       13.67999500   2
  'H'       32.00001000        9.84000500       12.97999500   1
  'H'       31.03999500        9.42000500       14.22998500   1
  'O'       31.09001000       12.71000500        7.57001000   2
  'H'       31.08000000       12.74000000        8.56999500   1
  'H'       30.15001500       12.68001000        7.22001000   1
  'O'       24.50000000       11.22999500        7.72999500   2
  'H'       24.75000500       11.85999500        8.45999000   1
  'H'       25.11001500       10.44001000        7.75001500   1
  'O'       26.16001500       32.43999500       30.32998500   2
  'H'       26.99000500       32.76000000       29.87001500   1
  'H'       25.42001000       33.09001500       30.18001000   1
  'O'       21.79999500       33.60000000       12.36000500   2
  'H'       22.45001500       33.86999000       13.07001500   1
  'H'       21.43001000       32.70001000       12.58999000   1
  'O'       30.25001000       17.66999500        7.12999000   2
  'H'       30.91000500       17.75000500        6.38001000   1
  'H'       30.60001000       17.02001000        7.79999500   1
  'O'       28.78001000        7.15998500       13.72000000   2
  'H'       28.64998500        7.77000000       12.93999000   1
  'H'       29.47000000        7.53000500       14.33001500   1
  'O'        6.95999500       18.56998500        1.34001000   2
  'H'        7.30999500       17.68000500        1.06001000   1
  'H'        5.96001000       18.53999000        1.38001500   1
  'O'       33.30999000       13.81999500       10.33000500   2
  'H'       32.84001000       13.49001500       11.14001000   1
  'H'       34.02000000       13.16000000       10.06999000   1
  'O'       24.90999000        4.91001000        5.93999000   2
  'H'       24.40000500        5.12001000        6.77001500   1
  'H'       24.48001500        5.34999500        5.15000500   1
  'O'       33.82001000       18.25001500       32.66000500   2
  'H'       34.42999000       17.51998500       32.97000000   1
  'H'       33.41999500       18.00998500       31.78000000   1
  'O'       14.12999000       33.20999500       32.71999500   2
  'H'       13.45998500       32.63998500       32.25001500   1
  'H'       13.86000000       33.32000000       33.68001000   1
  'O'        2.15001500       29.23000500       14.54999000   2
  'H'        1.31001500       28.75999000       14.29001000   1
  'H'        2.71001500       28.61999000       15.10001500   1
  'O'       32.92999500        8.35999500       11.87000500   2
  'H'       32.21001000        8.27998500       11.18001500   1
  'H'       33.74000000        8.76998500       11.45000500   1
  'O'       22.55998500       24.37998500       12.44001500   2
  'H'       22.66001500       24.79001000       11.53999000   1
  'H'       22.97998500       24.97999000       13.13000500   1
  'O'       28.99998500        7.12001500       19.01000500   2
  'H'       28.08998500        7.29998500       18.63001000   1
  'H'       29.34998500        6.27000500       18.62000000   1
  'O'       27.35001500       19.92000500       11.80000500   2
  'H'       27.42999000       19.34999500       12.61998500   1
  'H'       27.83000500       19.47998500       11.04001500   1
  'O'       22.51000500        3.17999500        2.01001500   2
  'H'       23.01999000        2.74001000        2.74001000   1
  'H'       23.08999000        3.83999000        1.52999000   1
  'O'       11.20000000        6.79000000       19.85000500   2
  'H'       11.77001000        7.61001500       19.78000500   1
  'H'       11.04999000        6.58000000       20.80998500   1
  'O'       18.00998500       28.92998500       22.19000000   2
  'H'       18.88001500       29.38001500       22.34998500   1
  'H'       17.26000500       29.55001000       22.42999500   1
  'O'       29.56999500        6.20000500        9.91000500   2
  'H'       30.26999500        6.87998500        9.68999500   1
  'H'       29.42999500        5.58999000        9.12999500   1
  'O'       21.43998500        5.12998500        3.45999500   2
  'H'       21.68001500        4.32999000        2.91000500   1
  'H'       22.27001000        5.62999500        3.71000000   1
  'O'        4.91998500       11.07001000        3.69001500   2
  'H'        5.75001000       10.58001000        3.43000000   1
  'H'        4.78999500       11.85999500        3.09001000   1
  'O'        3.47000500       13.03998500       11.95001500   2
  'H'        4.18001500       12.86999000       12.64000500   1
  'H'        3.83999000       12.88000000       11.04001500   1
  'O'       26.44999000       11.39999000        1.41001000   2
  'H'       26.61001000       11.88999000        0.56000000   1
  'H'       27.03998500       11.77001000        2.12999500   1
  'O'       32.20000000       29.69998500       31.10999500   2
  'H'       31.75000500       29.55998500       31.99000000   1
  'H'       31.51001000       29.63999500       30.38000000   1
  'O'       14.43998500       32.60001500        6.28999000   2
  'H'       14.86999500       32.57999500        5.39000000   1
  'H'       15.03001500       32.11999000        6.94998500   1
  'O'       23.28000500       16.77000500       14.71001000   2
  'H'       23.64001500       16.25001000       13.94001000   1
  'H'       23.91000500       17.51001000       14.93999500   1
  'O'        3.20999000       16.67998500       19.96998500   2
  'H'        2.82999500       17.31999500       20.63999000   1
  'H'        2.91000500       15.75000000       20.20000500   1
  'O'       32.53999000       13.10998500       12.99000500   2
  'H'       33.44001500       13.51000000       13.14001500   1
  'H'       32.11999000       12.88000000       13.87001000   1
  'O'       28.89999000        2.33999500        9.17000000   2
  'H'       28.05999000        2.04998500        8.72000500   1
  'H'       28.86999500        2.10000000       10.13999000   1
  'O'       28.54001500        9.46001000       22.07999500   2
  'H'       29.48001000        9.33999500       21.74000500   1
  'H'       27.98001500        8.68000000       21.78998500   1
  'O'       23.78999000        6.66001000        4.32999000   2
  'H'       24.44001000        6.95999500        3.62999000   1
  'H'       23.21000500        7.42000000        4.60001500   1
  'O'       23.61999500        5.50000500        8.35999500   2
  'H'       22.66001500        5.43000500        8.66001500   1
  'H'       24.17999500        5.79001500        9.14000500   1
  'O'       31.51001000        3.83001500       19.46000000   2
  'H'       31.06001500        3.06999000       19.93001500   1
  'H'       32.49998500        3.66999500       19.44999000   1
  'O'       12.79001500       15.07999500       15.87001500   2
  'H'       13.49999000       14.78998500       16.50999000   1
  'H'       12.55999500       16.04001000       16.04001000   1
  'O'       25.42998500        5.78000500       10.62001500   2
  'H'       26.18000000        6.28001500       10.20001500   1
  'H'       25.21001000        6.18999500       11.50999500   1
  'O'       25.60999000       11.27000000       11.74001500   2
  'H'       25.53999000       11.90000000       12.51999000   1
  'H'       25.74001500       10.34001500       12.08000500   1
  'O'       26.01000500        8.91999500        0.49000000   2
  'H'       25.01999500        9.03000000        0.40999000   1
  'H'       26.40998500        9.78001500        0.82001500   1
  'O'       30.07000500       18.78999500       16.74001000   2
  'H'       29.79000500       18.45000500       15.83998500   1
  'H'       30.88998500       19.34999500       16.64001500   1
  'O'       30.11001000       10.65001000       17.19000500   2
  'H'       30.64001500       10.87999500       18.00998500   1
  'H'       29.17999000       11.00001000       17.29000000   1
  'O'       26.78000500       15.34998500        9.31000000   2
  'H'       27.55000500       15.38001500        9.95001000   1
  'H'       27.13000500       15.45999000        8.37000500   1
  'O'       14.75999000        5.79999000       14.98000000   2
  'H'       13.90000500        5.85000500       14.47001500   1
  'H'       15.47000000        6.30000000       14.47999000   1
  'O'       26.60000000        7.12001500       22.00999500   2
  'H'       26.37999000        7.54999000       21.12999000   1
  'H'       27.16000000        6.31001000       21.85998500   1
  'O'       25.59000500       11.36999500       27.38998500   2
  'H'       24.72001000       11.04001500       27.76000500   1
  'H'       26.09999000       10.59999500       27.00001500   1
  'O'       29.33000000       11.56001000       12.43000500   2
  'H'       28.75999000       11.84998500       13.20000500   1
  'H'       30.22999000       11.28998500       12.75998500   1
  'O'       23.85001500       16.11001000        9.56000500   2
  'H'       23.29999000       15.42999500        9.07000500   1
  'H'       24.82000500       15.90998500        9.43999000   1
  'O'       34.35999000       10.52999500        8.38001500   2
  'H'        0.01001000       11.28001000        8.38001500   1
  'H'       33.71000500       10.65001000        7.63000000   1
  'O'       24.80999500        5.68001000       25.28001000   2
  'H'       23.96999500        5.30999000       24.87999500   1
  'H'       25.01999500        6.56001500       24.86001000   1
  'O'       19.69999500       16.67001000       17.01000000   2
  'H'       20.67999500       16.53998500       17.13999000   1
  'H'       19.34999500       15.97001000       16.38000000   1
  'O'       25.88999000        9.11998500       13.46999500   2
  'H'       25.92999500        8.98999500       14.46000500   1
  'H'       25.32999000        8.40000000       13.06000500   1
  'O'       22.58000500        2.47999500       19.26001000   2
  'H'       22.75000000        3.06001500       18.46999000   1
  'H'       23.25998500        2.67998500       19.96998500   1
  'O'        9.36001500        2.08001500       16.04998500   2
  'H'        8.94001500        2.99001500       16.05999500   1
  'H'       10.23998500        2.12999500       16.52000000   1
  'O'       32.57999500        5.83999500        6.31998500   2
  'H'       33.44001500        5.68001000        6.81999500   1
  'H'       32.10000500        4.97000000        6.21999000   1
  'O'       31.23998500       15.37000500       12.88000000   2
  'H'       31.50000000       16.03000000       12.18000000   1
  'H'       31.55999000       14.46000500       12.62999500   1
  'O'       25.56998500        9.31000000       16.18001000   2
  'H'       25.50999500       10.30998500       16.18998500   1
  'H'       24.65001000        8.91999500       16.29001500   1
  'O'        2.38000000       14.68999000        1.51000500   2
  'H'        2.85999000       15.05000000        0.71001000   1
  'H'        1.45001500       14.43001000        1.26000000   1
  'O'       34.39999500       16.29999000       17.01000000   2
  'H'        0.23999500       16.74001000       17.34001500   1
  'H'       34.63001500       15.62998500       16.29999000   1
  'O'       28.93999500       12.20999500        9.95998500   2
  'H'       28.92998500       11.35998500        9.43001500   1
  'H'       29.10999000       11.99999500       10.92000000   1
  'O'       27.52998500       11.91998500       14.96001500   2
  'H'       26.67000000       12.30001500       14.61999000   1
  'H'       27.49999000       11.85999500       15.96000000   1
  'O'       27.55000500       11.80000500       17.64000000   2
  'H'       26.75998500       11.73000500       18.24000500   1
  'H'       28.05001500       12.64000500       17.83999000   1
  'O'       34.18999500        0.71001000       13.70999000   2
  'H'       34.21001500       34.97000500       13.03001000   1
  'H'       33.60000000        0.44999500       14.47001500   1
  'O'       29.07999500       10.09998500        8.12000000   2
  'H'       29.00999500       10.92000000        7.54999000   1
  'H'       28.68001500        9.32998500        7.63000000   1
  'O'       19.02999000       21.22001000        9.04001000   2
  'H'       18.32999000       21.92001000        8.97001000   1
  'H'       19.93001500       21.63000000        8.93000500   1
  'O'        0.75001500       19.96001000       11.04001500   2
  'H'        0.11000500       19.69999500       10.30998500   1
  'H'        1.54000000       20.42999000       10.65001000   1
  'O'       26.44999000        1.76998500        7.85001000   2
  'H'       26.88000000        1.34998500        7.05001500   1
  'H'       25.52000500        1.42999500        7.95000500   1
  'O'       24.19000500       31.51998500       13.67999500   2
  'H'       23.81001000       32.45000500       13.73998500   1
  'H'       24.90001500       31.48999000       12.97999500   1
  'O'       22.87999000       12.13999500       15.35999500   2
  'H'       21.96999000       12.51999000       15.52999000   1
  'H'       22.82000000       11.49001000       14.60000500   1
  'O'        0.33001500        4.22999500       22.06001000   2
  'H'        0.61001500        3.33000500       22.38001500   1
  'H'        0.61001500        4.92999500       22.70999500   1
  'O'       24.22000000        6.84999000       12.83999500   2
  'H'       24.85000000        6.52998500       13.56001500   1
  'H'       23.28000500        6.66998500       13.11999500   1
  'O'       27.69000500        5.25000000        5.32000000   2
  'H'       26.69999500        5.09999000        5.39000000   1
  'H'       27.91001500        5.61001000        4.42001000   1
  'O'       26.05001000       15.61000000       16.75999500   2
  'H'       25.35001000       14.89999000       16.81001000   1
  'H'       26.01000500       16.18001000       17.58001000   1
  'O'        5.46000000       16.32001000       21.44999500   2
  'H'        5.55999500       17.02998500       22.13998500   1
  'H'        4.74001500       16.57001500       20.79000000   1
  'O'       19.30999000       34.07001500        5.29000500   2
  'H'       19.23001500       33.50000500        6.10998500   1
  'H'       19.34999500        0.04000500        5.55999500   1
  'O'       17.85000000        2.19999500       21.70000000   2
  'H'       17.48999000        1.38001500       22.13001000   1
  'H'       18.83000000        2.08001500       21.53000500   1
  'O'        0.88000500        6.98001500       15.62001000   2
  'H'        1.27998500        7.86999500       15.83001000   1
  'H'        0.33001500        7.05001500       14.78998500   1
  'O'        5.83999500        3.17999500       33.54998500   2
  'H'        5.12001000        3.50000000       32.92999500   1
  'H'        5.43000500        2.60001000       34.24998500   1
  'O'       28.40001500       12.23001500        3.45999500   2
  'H'       28.21000000       13.03001000        4.03000500   1
  'H'       28.71998500       11.48000000        4.04001500   1
  'O'       31.83999000       12.26998500       15.94999000   2
  'H'       31.09001000       11.70001000       16.28000500   1
  'H'       31.47000500       13.10001000       15.52001500   1
  'O'       32.53001500       21.68999000       21.46000500   2
  'H'       33.26998500       21.37999500       22.06998500   1
  'H'       32.84998500       21.65999500       20.51000000   1
  'O'       19.02999000        1.62001000        6.23000000   2
  'H'       19.47998500        2.45000000        5.90999500   1
  'H'       18.46999000        1.83001000        7.02999500   1
  'O'       29.24999000        0.56000000        3.47000500   2
  'H'       29.65000500        0.46000500        2.56000500   1
  'H'       29.45999000        1.47000000        3.83001500   1
  'O'       32.04001500       18.07001000        4.84998500   2
  'H'       32.66000500       17.75000500        5.55999500   1
  'H'       32.56001000       18.31000500        4.03000500   1
  'O'       20.42999000       14.01001000       12.82998500   2
  'H'       20.88999500       14.89001500       12.65999000   1
  'H'       20.63001500       13.72000000       13.77001500   1
  'O'       34.38998500        6.44000000       13.24001000   2
  'H'       33.65001500        6.98001500       12.83999500   1
  'H'       34.06000500        5.51001500       13.41000500   1
  'O'       30.52000000        8.21999500       15.55998500   2
  'H'       31.13999000        7.78001000       16.22001500   1
  'H'       30.15999000        9.07000500       15.94999000   1
  'O'       32.73000500       11.06000000        5.99000500   2
  'H'       31.97999000       11.49001000        6.49001500   1
  'H'       33.33001000       11.76000000        5.61001000   1
  'O'       20.67999500        5.72999000        9.39998500   2
  'H'       20.10998500        5.72001500        8.58000500   1
  'H'       20.09000000        5.69999500       10.20999000   1
  'O'       27.67999500       16.08001500       25.15999500   2
  'H'       28.37999500       16.57001500       25.67999000   1
  'H'       27.88999500       15.10999000       25.14998500   1
  'O'       18.87000500        7.78001000       14.01998500   2
  'H'       19.23001500        7.36001000       14.85001000   1
  'H'       18.88001500        8.77999500       14.12999000   1
  'O'        3.16998500        5.82001000        3.22000000   2
  'H'        2.19999500        5.67000000        3.05000500   1
  'H'        3.47000500        5.23999000        3.97999000   1
  'O'        2.66000000        8.82000000       29.76001000   2
  'H'        1.84999500        9.40999500       29.76001000   1
  'H'        3.22000000        9.03000000       28.96001500   1
  'O'       30.81998500        8.31999000       20.93000000   2
  'H'       30.12999500        7.89999000       20.34000500   1
  'H'       31.50000000        7.63000000       21.19001500   1
  'O'        4.22999500        1.35999500        0.00000000   2
  'H'        4.00998500        0.85998500       34.16000000   1
  'H'        4.06000000        0.77000000        0.78998500   1
  'O'       34.23000000       33.58001500       12.13999500   2
  'H'       33.25000000       33.47001000       12.04000000   1
  'H'       34.67999500       33.48999500       11.25001500   1
  'O'       25.59000500        6.84999000        2.29999000   2
  'H'       25.59000500        7.64001000        1.69001000   1
  'H'       26.51999000        6.66998500        2.61999500   1
  'O'       29.10999000       16.01001500        2.11998500   2
  'H'       29.03999000       16.95998500        2.43999000   1
  'H'       28.19999000       15.59999000        2.08999000   1
  'O'       22.87001500        8.38001500       15.42999500   2
  'H'       22.87001500        9.07000500       14.71001000   1
  'H'       22.52999000        7.51999500       15.06998500   1
  'O'       27.83000500        1.55001000       14.51999500   2
  'H'       26.90999500        1.66001500       14.89001500   1
  'H'       27.84001500        1.84999500       13.56001500   1
  'O'       32.38000500       17.52999500       11.59000500   2
  'H'       33.11000000       17.26000500       12.22000500   1
  'H'       32.73000500       18.20000000       10.93998500   1
  'O'       10.54000500       31.50000000        2.10000000   2
  'H'       10.37998500       30.92999000        2.89999500   1
  'H'        9.92001500       31.23001000        1.35999500   1
  'O'       29.70999500        9.07000500        3.17999500   2
  'H'       30.67001000        8.80999000        3.31999500   1
  'H'       29.34001000        9.46001000        4.01999500   1
  'O'       27.87001000        5.34999500       24.69999000   2
  'H'       26.92000500        5.47001000       24.97999000   1
  'H'       28.29001000        6.24998500       24.55001500   1
  'O'       19.69999500       32.50999500        3.19000500   2
  'H'       20.18999500       32.92999500        2.42000500   1
  'H'       19.60000000       33.19001000        3.92000000   1
  'O'       25.35001000       11.67001500       19.33998500   2
  'H'       25.90000000       10.99000000       19.83999500   1
  'H'       24.78000000       12.16999000       19.99000500   1
  'O'        1.00999500       18.76000000        6.70999000   2
  'H'        1.14999500       17.82000500        7.01001000   1
  'H'        1.59001500       18.95001500        5.92000500   1
  'O'       25.56998500       17.20001500       19.40001000   2
  'H'       25.22999500       18.11999000       19.22000500   1
  'H'       26.33001000       17.24999500       20.06000500   1
  'O'        3.97999000        8.51000500        2.74001000   2
  'H'        4.45000500        8.48998500        3.62001500   1
  'H'        3.45999500        7.65999500        2.61999500   1
  'O'       27.32999500        7.60000500        9.78999000   2
  'H'       28.19001500        7.14000000        9.57999000   1
  'H'       27.45998500        8.20998500       10.57000000   1
  'O'       34.59001000       13.35001500       32.57999500   2
  'H'       33.72001500       13.56999000       32.14998500   1
  'H'        0.33999000       13.65000000       31.99000000   1
  'O'       27.77999000       18.13000000        7.71998500   2
  'H'       27.60999500       19.06999500        7.43001000   1
  'H'       28.75001500       17.92000000        7.63000000   1
  'O'        0.71001000        0.98000000       33.92000500   2
  'H'        1.47000000        1.34998500       34.45001000   1
  'H'        0.92998500        0.05001500       33.61998500   1
  'O'        4.77001000       13.10001000        1.90001000   2
  'H'        4.04999000       13.80001000        1.96000000   1
  'H'        4.42001000       12.30001500        1.41001000   1
  'O'       28.91000000       13.86000000       18.84998500   2
  'H'       29.10001500       14.82999000       18.74001500   1
  'H'       28.37999500       13.70999000       19.68001000   1
  'O'       22.31001500       15.24999000        2.99001500   2
  'H'       23.03000000       14.98000000        3.62001500   1
  'H'       21.64998500       14.50998500        2.89999500   1
  'O'        0.00000000        5.79999000       17.76001500   2
  'H'        0.08998500        6.66998500       18.25001500   1
  'H'        0.44999500        5.86999000       16.87000000   1
  'O'       17.79001000        9.53001000        7.25000500   2
  'H'       17.59999500        8.84999500        6.53999500   1
  'H'       17.55999000       10.44001000        6.90000500   1
  'O'       12.99000500        4.32001500       27.14001500   2
  'H'       13.98001500        4.28001000       27.25999500   1
  'H'       12.69999500        5.27999500       27.11999500   1
  'O'       34.84001500       12.69999500       23.95998500   2
  'H'        0.22001000       12.08000500       23.26999500   1
  'H'        0.05999000       13.63999000       23.71999000   1
  'O'        5.74000000        1.37000500        8.06998500   2
  'H'        6.48000500        0.78998500        8.41001000   1
  'H'        5.68001000        1.27998500        7.07000000   1
  'O'       29.62001000       28.65999500       11.81001500   2
  'H'       29.94999000       27.94998500       11.20000000   1
  'H'       30.39001000       29.17999000       12.18000000   1
  'O'       22.89000000        9.19999500        5.12998500   2
  'H'       22.68000000        9.56000500        4.21998500   1
  'H'       22.61000000        9.85001500        5.82998500   1
  'O'       28.40999000       17.72998500       13.45998500   2
  'H'       28.42000000       16.78001500       13.16000000   1
  'H'       29.12000000       18.24000500       12.97999500   1
  'O'       31.65998500        6.10001000        1.70999500   2
  'H'       32.04001500        6.31998500        2.60998500   1
  'H'       32.38000500        5.74000000        1.12000000   1
  'O'       31.51001000        9.61999500       32.36999500   2
  'H'       31.80999500       10.20999000       33.12001000   1
  'H'       31.76999000       10.03999500       31.50000000   1
  'O'       32.85999500       10.34001500       20.21001500   2
  'H'       32.10000500        9.87000000       20.66998500   1
  'H'       32.53999000       11.21998500       19.86001500   1
  'O'       14.95000500       13.73001000       34.91999000   2
  'H'       15.94999000       13.73998500       34.80998500   1
  'H'       14.54001500       14.32000500       34.23000000   1
  'O'       23.46998500       18.45000500       34.14999000   2
  'H'       22.82000000       19.16999000       33.92000500   1
  'H'       24.36000000       18.84998500       34.35001500   1
  'O'       16.39001000        0.07000000       22.55998500   2
  'H'       16.82999500       34.21001500       22.83998500   1
  'H'       15.63999500       34.87001000       21.92998500   1
  'O'       28.77000000        8.28999500       24.55001500   2
  'H'       28.53000500        8.61000000       23.63000500   1
  'H'       29.76998500        8.31001500       24.65001000   1
  'O'       28.00000000       14.93999500       15.10001500   2
  'H'       27.95999500       14.00000000       14.75999000   1
  'H'       27.27000500       15.09000500       15.76001000   1
  'O'       31.62001500       13.31001000       31.76999000   2
  'H'       32.04001500       12.44001500       31.51998500   1
  'H'       30.81998500       13.14001500       32.35001000   1
  'O'        4.17000500       23.57999000       21.16999500   2
  'H'        4.07998500       24.57000000       21.07000000   1
  'H'        3.97001500       23.14000500       20.30000000   1
  'O'       14.68999000       10.69999000       28.72999500   2
  'H'       14.54001500       10.54000500       29.70999500   1
  'H'       15.09000500        9.88001000       28.32000500   1
  'O'       20.70001500        6.77999000       25.87000500   2
  'H'       20.70001500        6.66998500       26.86999000   1
  'H'       20.58000000        5.88000000       25.43999500   1
  'O'       23.28000500       13.88999500       26.22000500   2
  'H'       23.29001500       13.06000500       26.76999500   1
  'H'       23.60998500       13.67999500       25.29999500   1
  'O'       24.89000500       21.09999500       26.48999500   2
  'H'       25.64999500       20.45001000       26.51001500   1
  'H'       24.09998500       20.70001500       26.96001000   1
  'O'       25.25999000       21.43998500       29.90001000   2
  'H'       25.35001000       20.52001000       29.52999000   1
  'H'       24.31999500       21.58999500       30.19999500   1
  'O'       24.38999500        2.91000500        4.07998500   2
  'H'       24.58001000        3.45999500        4.90000000   1
  'H'       24.33000500        1.94999000        4.34000000   1
  'O'       20.73998500       16.22999000        9.67998500   2
  'H'       21.14000000       16.73000000        8.90998500   1
  'H'       20.97000500       15.26000000        9.61999500   1
  'O'       29.31001500       13.67999500       29.82000000   2
  'H'       30.28000500       13.65000000       30.08001500   1
  'H'       29.16000500       13.06000500       29.05000000   1
  'O'       17.87999500       11.31000500       32.35001000   2
  'H'       17.48999000       10.82000500       31.55999000   1
  'H'       18.63998500       11.88001500       32.04001500   1
  'O'       32.13000000       17.55001500       30.45000000   2
  'H'       32.07001000       17.97999000       29.55001000   1
  'H'       31.37998500       17.86998500       31.02998500   1
  'O'       16.71999000       11.77001000       21.60000500   2
  'H'       16.33999500       10.97001500       21.12999000   1
  'H'       17.30001000       11.46999000       22.35999500   1
  'O'        2.85001500       30.82999500        1.47000000   2
  'H'        2.46001000       31.75000500        1.52001500   1
  'H'        3.37998500       30.64999000        2.31000000   1
  'O'       24.86998500        4.92999500       27.86000000   2
  'H'       24.20001500        5.51999000       28.30999500   1
  'H'       24.97999000        5.22000500       26.90999500   1
  'O'       24.93998500       12.97999500       13.70001500   2
  'H'       24.62999000       13.77001500       13.17001000   1
  'H'       24.16998500       12.60000000       14.22001000   1
  'O'        5.01000500        9.60001000       16.50001500   2
  'H'        5.93001500        9.50999000       16.88998500   1
  'H'        4.88001500        8.90998500       15.80001500   1
  'O'       26.68998500       12.65001500       33.95000000   2
  'H'       26.37999000       12.20999500       33.11000000   1
  'H'       26.32000000       13.58000000       34.00001500   1
  'O'       34.37000000       15.48001000       25.88999000   2
  'H'        0.02999500       15.38999000       25.14001000   1
  'H'       34.10998500       14.57998500       26.22000500   1
  'O'       29.83998500       33.09999000       28.56000000   2
  'H'       30.15001500       32.17000500       28.75001500   1
  'H'       29.54000000       33.16999000       27.60999500   1
  'O'       21.35000000       17.38999500        1.79000500   2
  'H'       22.10999000       17.72001000        1.23000500   1
  'H'       21.63000000       16.54999500        2.25998500   1
  'O'       29.06001000       23.14000500       24.44998500   2
  'H'       28.92998500       23.18998500       25.43999500   1
  'H'       28.26001500       23.53998500       23.99001500   1
  'O'       33.83999500       22.98999500       26.11000000   2
  'H'       34.59001000       23.46001000       26.55999500   1
  'H'       34.10001000       22.03001500       25.95001500   1
  'O'       21.71998500        6.28001500       13.98999000   2
  'H'       21.36998500        6.63999000       13.11999500   1
  'H'       20.98999000        5.81000000       14.47001500   1
  'O'       21.32000500        9.53998500       17.61000500   2
  'H'       21.65999500        9.14000500       16.75999500   1
  'H'       21.54001500       10.51998500       17.62999000   1
  'O'        0.68001500        6.02000000        2.56000500   2
  'H'        0.47001500        6.51000000        1.70999500   1
  'H'       34.95999500        6.18999500        3.23998500   1
  'O'       23.11998500        9.54999500        0.21000000   2
  'H'       22.28999500        9.04001000        0.46000500   1
  'H'       22.90998500       10.16001000       34.45001000   1
  'O'       33.50000500        4.81999000        0.07000000   2
  'H'       33.75998500        5.19001000       34.17001000   1
  'H'       33.33998500        3.83999000       34.98999000   1
  'O'       22.52001500       10.38999500       24.19000500   2
  'H'       22.51000500       11.22999500       23.64999000   1
  'H'       23.45000000       10.03999500       24.23998500   1
  'O'       21.82999000       12.51999000       22.59999000   2
  'H'       21.19999000       13.27000500       22.37000500   1
  'H'       21.77000000       11.81001500       21.89999000   1
  'O'       14.39000500        5.41999500       32.35001000   2
  'H'       13.56999000        4.84998500       32.48000000   1
  'H'       14.86999500        5.51999000       33.22000500   1
  'O'       24.79998500        1.38999000       24.16998500   2
  'H'       25.29999500        2.01001500       23.56000500   1
  'H'       25.39999000        1.06001000       24.89000500   1
  'O'       28.71998500       11.77998500       28.04000500   2
  'H'       27.90000500       11.60999000       28.57998500   1
  'H'       29.20998500       10.92000000       27.91001500   1
  'O'       25.00001000       27.28999000       25.06000000   2
  'H'       25.41000000       27.52998500       24.19000500   1
  'H'       24.26000500       26.62999500       24.92000000   1
  'O'       27.35001500       19.97999500       27.07001500   2
  'H'       27.90000500       20.80001000       27.24001000   1
  'H'       27.84999000       19.36000500       26.46000000   1
  'O'       24.24999500       25.98998500       20.31001000   2
  'H'       24.08000000       26.40001000       19.40998500   1
  'H'       24.52999500       25.04001500       20.20000500   1
  'O'       19.81000000        6.48000500       28.60000500   2
  'H'       18.84998500        6.77001500       28.67000500   1
  'H'       20.00999000        5.82001000       29.33000000   1
  'O'       30.17000000        7.56000000       34.69000500   2
  'H'       30.57999000        7.05001500        0.43998500   1
  'H'       30.68999500        7.39000500       33.85000500   1
  'O'       30.81998500       14.54999000       15.48998500   2
  'H'       31.12000500       14.99998500       14.64001000   1
  'H'       29.83998500       14.72999500       15.62998500   1
  'O'       23.66000000        8.27001000       31.96000500   2
  'H'       24.45999500        8.84999500       32.10000500   1
  'H'       22.91999500        8.80001500       31.55999000   1
  'O'       34.07999000       23.22999000       14.18000500   2
  'H'       34.25999500       22.42999500       13.59998500   1
  'H'       34.66998500       23.19999500       14.99001000   1
  'O'       31.37998500        0.53000500       23.61999500   2
  'H'       31.89000500       34.98999000       22.94001500   1
  'H'       31.65998500        1.48998500       23.56000500   1
  'O'       19.95000000       22.47000000       30.11998500   2
  'H'       19.89998500       22.20998500       31.08000000   1
  'H'       20.90000500       22.37000500       29.80001500   1
  'O'       29.59001500       26.23999000       20.63001500   2
  'H'       29.80999000       25.63998500       21.40001500   1
  'H'       28.99001000       25.76000000       19.99000500   1
  'O'       15.52999000       17.06001500       18.80000500   2
  'H'       15.07999500       16.36001500       18.24000500   1
  'H'       14.84000000       17.65001000       19.19998500   1
  'O'       23.53001000        1.10001500       30.54999500   2
  'H'       24.19000500        1.76998500       30.21000500   1
  'H'       22.73001500        1.56999500       30.92001500   1
  'O'       27.42999000       10.59999500       30.22001500   2
  'H'       28.12001500       10.13001500       30.77000500   1
  'H'       26.75998500        9.92999000       29.89000000   1
  'O'       28.08998500        3.33000500       32.88999000   2
  'H'       27.30000000        3.82000500       32.53001500   1
  'H'       28.92998500        3.76001500       32.56001000   1
  'O'       24.51001000       20.98999000        3.33000500   2
  'H'       25.00001000       20.76000500        4.17000500   1
  'H'       23.61999500       20.52001000        3.33000500   1
  'O'        2.88998500       32.42998500       24.06001500   2
  'H'        3.58998500       32.48000000       24.78000000   1
  'H'        2.22999000       33.16999000       24.19000500   1
  'O'       14.15998500       27.91999000       20.42001500   2
  'H'       13.81999500       27.84999000       19.47998500   1
  'H'       14.29001000       28.89001500       20.65000000   1
  'O'        2.29001500       18.53001500       21.68001500   2
  'H'        1.76001000       19.32000000       21.36998500   1
  'H'        2.32001000       18.52000500       22.68000000   1
  'O'       20.37000000       33.05001000       23.36001500   2
  'H'       19.37999000       33.16001500       23.33999500   1
  'H'       20.60999500       32.10000500       23.15999000   1
  'O'       29.23000500       16.64001500       18.41000000   2
  'H'       29.17999000       17.41999000       17.78000000   1
  'H'       29.91999500       16.81001000       19.09999000   1
  'O'       27.65000000        7.54999000       33.79001500   2
  'H'       26.93999000        7.92001000       34.38998500   1
  'H'       28.54001500        7.64001000       34.23000000   1
  'O'       30.68999500       23.98000500       22.09000500   2
  'H'       30.29001500       23.36001500       22.76001000   1
  'H'       31.40000500       23.50001500       21.57001000   1
  'O'       25.27000000        8.26000000       23.95998500   2
  'H'       25.35001000        9.25001000       23.87000000   1
  'H'       25.78999500        7.81000500       23.22999000   1
  'O'        0.37999500       20.51000000       25.88999000   2
  'H'        0.29001000       20.07001500       26.78000500   1
  'H'        1.34001000       20.55000500       25.63998500   1
  'O'       26.44999000        6.28001500       14.58999500   2
  'H'       26.48999500        6.10001000       15.56999500   1
  'H'       27.34000500        6.62000500       14.26999000   1
  'O'       23.47999500       13.77001500        5.02999000   2
  'H'       22.93000500       12.96001000        4.87000500   1
  'H'       23.50001500       13.97000500        6.00999000   1
  'O'       20.49001500       34.49001500       27.62000500   2
  'H'       20.56999000       34.73001000       26.65001500   1
  'H'       20.69000500        0.29001000       28.18000500   1
  'O'       29.51000500        0.42000000       25.43999500   2
  'H'       29.65000500        1.07999500       26.18000000   1
  'H'       30.32998500        0.36998500       24.87999500   1
  'O'       26.88000000        1.24999000       28.47001500   2
  'H'       26.50000500        2.00000500       29.02000500   1
  'H'       26.13999500        0.82001500       27.94998500   1
  'O'       26.95000000       13.52001000       21.00000000   2
  'H'       25.98998500       13.80001000       21.01998500   1
  'H'       27.20000500       13.14999000       21.89999000   1
  'O'       26.26001000        4.88001500       31.62999000   2
  'H'       25.46001500        5.16001500       32.15999500   1
  'H'       26.58999000        5.65001500       31.09001000   1
  'O'       17.58998500       15.48998500       20.27000500   2
  'H'       18.42001000       16.04001000       20.17001000   1
  'H'       16.81998500       15.96000000       19.82998500   1
  'O'       21.29998500        8.66001500       29.30000500   2
  'H'       21.05999000        8.94999000       30.22001500   1
  'H'       20.84001500        7.79999500       29.09000500   1
  'O'       23.01001500       29.27998500       23.03000000   2
  'H'       22.79000500       28.29998500       23.00000500   1
  'H'       23.89999500       29.41001000       23.45000000   1
  'O'       18.84998500        7.51999500       32.88999000   2
  'H'       18.29999500        7.00000000       32.25001500   1
  'H'       18.28001000        8.17999000       33.37001500   1
  'O'       30.22999000        7.96999000       29.55998500   2
  'H'       30.60001000        7.05001500       29.47000000   1
  'H'       29.65000500        8.02000500       30.38000000   1
  'O'       28.75001500       32.73000500       34.52998500   2
  'H'       28.25000500       33.40001000       33.99000500   1
  'H'       28.91000000       31.90999000       33.97999500   1
  'O'       16.89999500        4.24000500       14.71998500   2
  'H'       17.10999500        3.37001000       15.17001500   1
  'H'       15.91999500        4.43999500       14.81000500   1
  'O'       25.81001500       15.27998500        4.53001500   2
  'H'       25.18999000       14.50998500        4.71999500   1
  'H'       25.46001500       16.11001000        4.95999000   1
  'O'       28.08998500        4.52000500       28.14000000   2
  'H'       27.17998500        4.31000500       27.79000000   1
  'H'       28.01001000        5.19001000       28.89001500   1
  'O'       34.77999000       13.81999500        0.47001500   2
  'H'       33.79001500       13.98001500        0.47999000   1
  'H'        0.09999500       13.83000500       34.52001000   1
  'O'       15.12000000       18.85999500       27.39999500   2
  'H'       14.53000500       18.50999500       26.67000000   1
  'H'       15.83001000       19.43000500       26.99000500   1
  'O'       25.91998500        8.58000500       19.92000500   2
  'H'       26.23001500        8.05000000       19.13999500   1
  'H'       25.04001500        9.00000500       19.71000500   1
  'O'       23.78001500       13.16000000       30.66000000   2
  'H'       23.15001500       13.79000000       31.10999500   1
  'H'       24.19000500       13.60999500       29.86000500   1
  'O'       30.70000500       18.63998500       32.64999500   2
  'H'       29.90001000       18.04999000       32.55000000   1
  'H'       30.43001500       19.58999000       32.49001000   1
  'O'       32.66000500        2.66000000       22.21999500   2
  'H'       31.97999000        2.57999000       21.50001000   1
  'H'       33.37999000        3.29000000       21.92998500   1
  'O'       33.46000000       14.95000500       30.26999500   2
  'H'       32.87000500       14.53000500       30.96999500   1
  'H'       33.08000500       15.83998500       30.01001500   1
  'O'       25.63001000        8.86000500        7.78998500   2
  'H'       26.51999000        8.63999500        8.19000000   1
  'H'       25.35001000        8.13001000        7.16999500   1
  'O'        0.61999000       12.09999000        2.66000000   2
  'H'        0.35000000       12.47998500        1.76998500   1
  'H'        0.11000500       12.55999500        3.38999500   1
  'O'       21.78998500       10.78000000       20.56999000   2
  'H'       22.09000500        9.88998500       20.25999500   1
  'H'       21.86999500       11.45000500       19.82998500   1
  'O'       19.78000500       13.17001000       31.72998500   2
  'H'       20.60999500       13.35001500       32.25999000   1
  'H'       19.85000500       13.59001000       30.82999500   1
  'O'        1.38999000       24.79998500        9.98000500   2
  'H'        1.76998500       23.88001000        9.95001000   1
  'H'        0.71998500       24.90999000        9.24000000   1
  'O'       20.87001000        2.32001000       28.39000500   2
  'H'       20.74999500        3.23998500       28.75999000   1
  'H'       21.60000500        2.32998500       27.70999000   1
  'O'       17.72001000       16.67998500        1.38001500   2
  'H'       17.61000500       17.66999500        1.44000500   1
  'H'       17.97999000       16.32001000        2.26999500   1
  'O'        0.50998500        6.73001000       26.74000000   2
  'H'       34.66001000        6.24001000       26.95000000   1
  'H'        1.21999500        6.45998500       27.38998500   1
  'O'       22.44000500       32.77001000       25.21998500   2
  'H'       22.02000500       33.67000000       25.28001000   1
  'H'       21.72999500       32.07001000       25.25999000   1
  'O'       26.68998500        7.40001500       17.65998500   2
  'H'       26.64000500        8.30000500       17.23001000   1
  'H'       25.99999500        6.80001000       17.24999500   1
  'O'       31.97001500       11.77001000       27.25999500   2
  'H'       31.15000000       12.33998500       27.25999500   1
  'H'       31.76999000       10.87999500       26.83999500   1
  'O'       34.65000000        1.97001000       25.62000000   2
  'H'        0.08001000        2.87000000       25.60001500   1
  'H'        0.01001000        1.41001000       24.86998500   1
  'O'       27.70999000       13.41000500       25.39001500   2
  'H'       27.91999000       12.85000500       24.58001000   1
  'H'       28.01998500       12.93001500       26.20999500   1
  'O'       29.68000000       15.52001500       34.23000000   2
  'H'       29.72000500       14.53000500       34.07001500   1
  'H'       29.13998500       15.69998500        0.05001500   1
  'O'       31.80999500        6.72000000       32.43999500   2
  'H'       32.67001500        6.24001000       32.27000000   1
  'H'       31.94999500        7.70000000       32.35001000   1
  'O'       34.70001500       33.54001000        8.55998500   2
  'H'       33.75998500       33.19998500        8.49999500   1
  'H'       34.67999500       34.52998500        8.69998500   1
  'O'       12.34999500       17.05000500       23.15001500   2
  'H'       11.48000000       16.74998500       23.53998500   1
  'H'       12.68998500       17.83999000       23.67001000   1
  'O'       22.10999000       15.80001500       22.69001000   2
  'H'       22.28999500       16.32001000       23.53001000   1
  'H'       21.12999000       15.62998500       22.59999000   1
  'O'       14.47001500       17.50000000        0.96001500   2
  'H'       14.01001000       18.35998500        0.75001500   1
  'H'       15.13998500       17.30001000        0.26001500   1
  'O'       21.01998500        8.06998500        1.10001500   2
  'H'       20.79000000        7.77000000        2.03000000   1
  'H'       20.83000500        7.33001500        0.46000500   1
  'O'       28.15998500        6.66001000        2.60998500   2
  'H'       28.47001500        6.24998500        1.76001000   1
  'H'       28.71998500        7.46000500        2.81998500   1
  'O'       23.18001000       33.40001000       20.17001000   2
  'H'       23.71999000       33.47001000       21.01001000   1
  'H'       23.75999500       33.64000500       19.39000000   1
  'O'       32.28998500        9.22001500        4.25999000   2
  'H'       32.84001000        9.40999500        3.44998500   1
  'H'       32.49998500        9.88998500        4.97000000   1
  'O'       25.64999500        8.55998500       28.88000500   2
  'H'       24.72001000        8.20998500       28.95000500   1
  'H'       25.84998500        8.77999500       27.91999000   1
  'O'       27.90000500       20.88999500        0.89999000   2
  'H'       27.46999500       21.58999500        0.33999000   1
  'H'       28.85001000       20.77001500        0.61001500   1
  'O'       19.32000000       11.63001000       20.14999000   2
  'H'       20.07999000       11.07001000       20.46999500   1
  'H'       18.49998500       11.42001000       20.67999500   1
  'O'       13.11999500        2.95998500        2.11001000   2
  'H'       12.43000500        2.78001500        1.41001000   1
  'H'       13.27000500        2.12999500        2.64999000   1
  'O'       25.15999500       10.94999500       31.59999500   2
  'H'       26.04000000       11.01999500       31.13001500   1
  'H'       24.44998500       11.41000000       31.05000500   1
  'O'       32.17000500        3.33000500       25.83000000   2
  'H'       32.63001000        4.00998500       26.40001000   1
  'H'       32.84998500        2.66000000       25.50999500   1
  'O'       26.23999000       26.60000000        0.02999500   2
  'H'       26.25000000       27.09000000        0.89999000   1
  'H'       27.13000500       26.67000000       34.59001000   1
  'O'       20.90000500       19.85000500       34.94001000   2
  'H'       21.05001500       19.44999000       34.03998500   1
  'H'       21.67000500       20.45001000        0.16999500   1
  'O'       33.78000500       30.08001500       16.43001500   2
  'H'       33.62999500       30.94000000       15.94001500   1
  'H'       34.38001000       30.25001000       17.20999000   1
  'O'       32.56998500       17.52999500       25.41000000   2
  'H'       32.70998500       17.86001000       24.48001500   1
  'H'       33.12998500       16.71001500       25.55000000   1
  'O'       34.24998500       12.96998500       26.72001500   2
  'H'       33.39000000       12.57000500       27.03001000   1
  'H'       34.35001500       12.82998500       25.73000500   1
  'O'       29.52999000       12.79001500       33.51001500   2
  'H'       28.56000000       13.04999500       33.51001500   1
  'H'       29.63999500       11.90000000       33.96001000   1
  'O'       26.64000500       18.45000500       23.85999000   2
  'H'       26.93999000       17.61000500       24.30998500   1
  'H'       27.24998500       19.19998500       24.09998500   1
  'O'       23.21000500        8.55998500       19.43000500   2
  'H'       23.29001500        7.56000000       19.40001000   1
  'H'       22.52001500        8.86000500       18.77001000   1
  'O'       34.16000000       15.05000000       20.39999500   2
  'H'       33.33001000       15.13001000       20.94001000   1
  'H'       33.95000000       14.65999500       19.51001500   1
  'O'       24.03999500        5.65999000       33.08000500   2
  'H'       24.09001000        6.60999500       32.77998500   1
  'H'       24.12000500        5.61001000       34.07001500   1
  'O'       27.38998500       17.82000500       21.30999500   2
  'H'       27.48000500       18.60001500       20.69000500   1
  'H'       26.90999500       18.11001500       22.13998500   1
  'O'        0.40999000        6.21999000       23.95998500   2
  'H'        0.61001500        7.04000500       23.42000500   1
  'H'        0.71998500        6.35001500       24.90001500   1
  'O'       21.29001000       24.30998500        1.47000000   2
  'H'       21.61999000       25.06000000        2.04001000   1
  'H'       21.02999500       23.53998500        2.04998500   1
  'O'        1.79000500       14.26001500       31.13999000   2
  'H'        1.93000500       14.02999500       30.18001000   1
  'H'        2.36999000       15.03001500       31.37998500   1
  'O'       26.74000000       33.83999500       23.15001500   2
  'H'       26.85000500       34.35999000       23.99999000   1
  'H'       25.77001000       33.69999500       22.96000000   1
  'O'       23.18998500       16.07000500       20.11999500   2
  'H'       22.76001000       16.22999000       21.01001000   1
  'H'       24.09998500       16.47999500       20.10001000   1
  'O'       21.44999500       12.30001500       18.21001000   2
  'H'       20.49999000       11.99999500       18.25001500   1
  'H'       21.49000000       13.30000000       18.21001000   1
  'O'       17.90999000        9.85001500       34.51000000   2
  'H'       18.25999000       10.48999000        0.19999000   1
  'H'       17.72998500       10.34001500       33.65999000   1
  'O'       16.92999000        6.10001000       31.52999500   2
  'H'       15.96000000        5.95000000       31.72998500   1
  'H'       17.41001500        5.23001500       31.55001500   1
  'O'       19.67000000        7.26999000       21.43998500   2
  'H'       19.97999500        7.79999500       22.23000500   1
  'H'       20.45998500        7.04000500       20.86000000   1
  'O'       28.85998500        8.90001000       31.68000500   2
  'H'       29.79000500        9.11998500       31.97999000   1
  'H'       28.35000000        8.49999500       32.45000500   1
  'O'       24.20999000       33.93999000       22.82000000   2
  'H'       23.77000500       33.20999500       23.35000500   1
  'H'       24.12000500       34.80001000       23.31000000   1
  'O'       32.66000500        6.13000500       21.08998500   2
  'H'       32.52000500        5.85000500       22.03999000   1
  'H'       33.13999500        5.40998500       20.59998500   1
  'O'        0.22001000       33.16999000       26.60000000   2
  'H'        0.51999500       32.70001000       27.42999000   1
  'H'       34.56999000       33.89001000       26.83999500   1
  'O'       26.61998500       24.26000500       23.36001500   2
  'H'       26.60000000       25.13000000       22.87001500   1
  'H'       25.73000500       24.09998500       23.78999000   1
  'O'       20.09000000        8.58000500        6.07999000   2
  'H'       20.98001500        8.97998500        6.31001000   1
  'H'       19.36000500        9.18001000        6.41000500   1
  'O'       19.46000000       21.57001000       32.49998500   2
  'H'       19.75001000       20.65000000       32.78999500   1
  'H'       18.60999000       21.81000500       32.95999000   1
  'O'       25.43999500       10.85000000       23.81001000   2
  'H'       26.43000500       10.97999000       23.73000000   1
  'H'       24.97001500       11.70998500       23.63000500   1
  'O'       17.38999500        4.64999500       18.32001500   2
  'H'       18.13000000        5.19998500       17.93001000   1
  'H'       17.65998500        3.68000500       18.32001500   1
  'O'       34.28001500       20.87998500       23.45000000   2
  'H'       34.63999000       20.73001000       24.37001000   1
  'H'       34.69000500       21.71001000       23.05999500   1
  'O'       28.40999000       17.13999000       32.36999500   2
  'H'       28.15998500       16.77000500       31.48001500   1
  'H'       28.78001000       16.39998500       32.94000500   1
  'O'       30.11998500        9.57999000       27.07999000   2
  'H'       30.29999000        9.01999000       26.27999500   1
  'H'       30.24000000        9.03000000       27.91001500   1
  'O'       34.74999500        8.28999500       18.91998500   2
  'H'        0.33001500        8.80999000       18.28998500   1
  'H'       33.96998500        8.84999500       19.18000000   1
  'O'       22.48998500       14.04000500       33.83999500   2
  'H'       22.27998500       14.68001500       33.11000000   1
  'H'       21.93999500       14.26999000       34.65000000   1
  'O'       22.86000500       13.90000500        7.78998500   2
  'H'       22.06001000       13.52998500        8.27001000   1
  'H'       23.64001500       13.28999000        7.91000000   1
  'O'       20.39999500        5.92000500       34.73998500   2
  'H'       20.88999500        5.29000500       34.14001500   1
  'H'       19.75001000        6.45001000       34.20000500   1
  'O'       16.63000500       33.44999000       31.57000000   2
  'H'       15.86000500       33.71000500       32.14998500   1
  'H'       17.37998500       33.12001000       32.14998500   1
  'O'       20.62000500       14.18000500       26.54001000   2
  'H'       21.61001500       14.28000000       26.39000000   1
  'H'       20.31001000       13.32999500       26.12001000   1
  'O'       27.21001500        3.68000500        0.36001000   2
  'H'       27.53999500        3.36000000       34.46999500   1
  'H'       27.16000000        2.91000500        0.99998500   1
  'O'        4.21001000       30.74001000        4.00998500   2
  'H'        3.54000500       30.68999500        4.74999000   1
  'H'        4.92999500       30.07000500        4.15999500   1
  'O'       25.21001000       14.11000500       28.32000500   2
  'H'       24.64000000       13.87001000       27.52998500   1
  'H'       25.99999500       13.49999000       28.36001000   1
  'O'       25.17000500       20.58000000        0.63000000   2
  'H'       26.13999500       20.31998500        0.68999000   1
  'H'       24.83999000       20.87998500        1.52001500   1
  'O'       32.76000000       28.98000000        9.99001500   2
  'H'       32.77001000       28.01001000        9.73000000   1
  'H'       32.94000500       29.54000000        9.18998500   1
  'O'       23.32998500        6.77999000       29.52001500   2
  'H'       23.54999500        6.73998500       30.49000500   1
  'H'       22.63999500        7.47999000       29.35999500   1
  'O'       34.94001000        1.58000500       31.37998500   2
  'H'       34.77001500        0.71998500       30.89999500   1
  'H'        0.12999000        1.38999000       32.34000000   1
  'O'       17.86001000       11.64999500       26.44999000   2
  'H'       18.85999500       11.67001500       26.46000000   1
  'H'       17.51001000       12.01000500       27.31001000   1
  'O'        0.99001000       25.53001500       21.22001000   2
  'H'        0.21000000       26.12001000       21.43001000   1
  'H'        1.83001000       26.06999500       21.23999500   1
  'O'       16.88998500       28.40999000       30.19999500   2
  'H'       16.52000000       29.34001000       30.18001000   1
  'H'       17.29000000       28.22001000       31.09998500   1
  'O'        9.80000000       23.18998500        3.23998500   2
  'H'       10.50000000       22.86000500        2.60001000   1
  'H'       10.20999000       23.81998500        3.89000500   1
  'O'       15.56999500       20.79000000       11.32001500   2
  'H'       16.46998500       20.44000000       11.07001000   1
  'H'       15.16000500       20.18999500       12.01000500   1
  'O'       24.55001500       13.42999000       17.30998500   2
  'H'       24.87999500       12.88000000       18.07998500   1
  'H'       24.02001000       12.85000500       16.68999500   1
  'O'        1.90001000        6.77999000       12.69999500   2
  'H'        0.93999500        6.69000500       12.97999500   1
  'H'        2.12999500        7.74000500       12.61998500   1
  'O'       34.35999000        1.34998500        4.73000500   2
  'H'       34.94001000        1.55001000        5.51999000   1
  'H'       34.62000500        1.94001500        3.97001500   1
  'O'       20.79000000       34.70001500       17.48001500   2
  'H'       21.14000000        0.63000000       17.43000000   1
  'H'       20.87998500       34.37000000       18.42001000   1
  'O'       26.04000000       27.88999500       15.03001500   2
  'H'       26.26998500       27.44000000       15.90001000   1
  'H'       25.17000500       27.52998500       14.68999000   1
  'O'       26.02999000       22.06998500        7.61999000   2
  'H'       25.81001500       21.19999000        8.06001000   1
  'H'       26.48999500       22.66999000        8.27001000   1
  'O'       30.64001500       29.56999500        5.93001500   2
  'H'       30.71001500       29.98999500        6.83000500   1
  'H'       31.51998500       29.59999000        5.47001000   1
  'O'       22.55998500        3.09001000       13.97000500   2
  'H'       22.31999000        3.97001500       13.56001500   1
  'H'       23.05999500        2.53001000       13.31001000   1
  'O'       28.16999500        2.36999000       11.98998500   2
  'H'       27.35001500        2.36999000       11.42001000   1
  'H'       28.50998500        3.30001000       12.09999000   1
  'O'       21.50998500       27.18999500       15.90998500   2
  'H'       21.12999000       26.39000000       16.38000000   1
  'H'       21.92998500       27.80001000       16.57999000   1
  'O'       27.95999500       30.39998500       15.27998500   2
  'H'       28.14000000       30.89999500       14.43998500   1
  'H'       28.22001000       29.44000500       15.17001500   1
  'O'       15.90998500       29.05000000        7.84000000   2
  'H'       16.21000500       29.97998500        8.03001500   1
  'H'       16.28000500       28.75999000        6.94998500   1
  'O'       19.37001500       32.07998500        7.47001500   2
  'H'       19.89001000       32.25999000        8.30000500   1
  'H'       19.51001500       31.12000500        7.19001500   1
  'O'       25.59000500        0.39000500        0.12999000   2
  'H'       25.73000500        0.92998500        0.96001500   1
  'H'       26.46000000        0.30999500       34.63999000   1
  'O'        3.41001500       23.63000500       16.19999500   2
  'H'        4.18001500       23.32998500       15.65000500   1
  'H'        3.33000500       24.62999000       16.15001500   1
  'O'       27.45998500       27.03998500        3.76999000   2
  'H'       26.75001000       27.41000500        3.16998500   1
  'H'       27.52998500       27.59001000        4.60001500   1
  'O'       18.81999000        3.75000500       26.96998500   2
  'H'       19.44001500        3.03999500       27.32999500   1
  'H'       19.19998500        4.64999500       27.17998500   1
  'O'       33.58001500       30.14000500        7.71001000   2
  'H'       33.40998500       30.29001500        6.73001000   1
  'H'       34.52998500       29.87001500        7.84000000   1
  'O'       23.87000000       34.35999000       13.98999000   2
  'H'       23.81001000        0.16999500       13.41000500   1
  'H'       24.31999500       34.59001000       14.85001000   1
  'O'       25.77998500       26.01000500       11.04001500   2
  'H'       26.23999000       26.60000000       11.70001000   1
  'H'       25.74999000       25.07001000       11.38000500   1
  'O'       30.39998500       26.90999500        7.43001000   2
  'H'       29.66001500       26.40998500        7.89001500   1
  'H'       30.21000500       27.88999500        7.46000500   1
  'O'        1.31999000       16.12999500        8.12000000   2
  'H'        2.07000500       15.87001500        7.50001000   1
  'H'        1.42999500       15.66001500        8.98999500   1
  'O'       20.04999500       30.66000000       16.04998500   2
  'H'       20.60999500       30.78999000       16.87000000   1
  'H'       19.69999500       29.72000500       16.03000000   1
  'O'       16.36999000       29.62998500       15.54000000   2
  'H'       17.29000000       29.26000000       15.69998500   1
  'H'       15.72000500       28.88000500       15.47000000   1
  'O'       32.01999500       34.59998500       15.48001000   2
  'H'       31.65998500        0.53000500       15.33000000   1
  'H'       31.27001500       34.00999000       15.79000500   1
  'O'       28.28000000        7.86999500        6.66998500   2
  'H'       27.94001000        6.97000500        6.39999500   1
  'H'       29.24999000        7.81000500        6.88999500   1
  'O'       28.32000500       30.95001000       32.13000000   2
  'H'       27.62000500       31.38999500       31.57000000   1
  'H'       29.06001000       30.63000500       31.52999500   1
  'O'       25.04001500       20.52001000       19.67000000   2
  'H'       25.91998500       20.86000000       19.36000500   1
  'H'       24.96000500       20.62000500       20.66001000   1
  'O'        1.14999500        2.43001500       14.36998500   2
  'H'        0.42000000        1.82000000       14.05001500   1
  'H'        1.49999500        2.10000000       15.24001500   1
  'O'        0.39000500       27.55000500       13.16000000   2
  'H'        0.61001500       26.62999500       12.81000000   1
  'H'       34.77999000       27.45998500       13.94998500   1
  'O'       31.93998500       15.87999000        8.87001500   2
  'H'       31.79998500       16.56000500        9.57999000   1
  'H'       32.28998500       15.03001500        9.26999500   1
  'O'       27.41000500       31.61000500       26.47998500   2
  'H'       26.48999500       31.82000500       26.15000500   1
  'H'       27.44000000       30.67001000       26.82001000   1
  'O'       19.43000500       26.69999500        4.77998500   2
  'H'       19.65999000       26.78000500        3.80999500   1
  'H'       20.27000500       26.54001000        5.30001500   1
  'O'       22.20998500       19.62999500        3.59999500   2
  'H'       21.57001000       19.06999500        3.06999000   1
  'H'       22.20998500       19.33998500        4.55000000   1
  'O'       32.00998500       32.57999500        8.73999000   2
  'H'       31.65001000       32.97000000        7.89001500   1
  'H'       32.59000500       31.79001000        8.52999000   1
  'O'       19.06999500       24.69999000        7.58999500   2
  'H'       18.76000000       25.29999500        6.86000000   1
  'H'       18.31000500       24.13001500        7.91000000   1
  'O'       31.13999000       33.58001500        6.38001000   2
  'H'       30.61999500       34.41000500        6.58000000   1
  'H'       31.69999000       33.72999000        5.57000500   1
  'O'       33.41999500       34.90000500       27.25999500   2
  'H'       33.72001500        0.68999000       26.72001500   1
  'H'       32.63001000        0.15001000       27.81999500   1
  'O'       15.87001500       21.51999500       28.57998500   2
  'H'       16.50999000       20.97000500       28.04000500   1
  'H'       16.08001500       22.48998500       28.44999500   1
  'O'       14.01998500       19.96998500        0.01001000   2
  'H'       14.15998500       20.80001000        0.54999000   1
  'H'       14.64998500       19.97999500       34.23000000   1
  'O'       24.83001500        3.66999500       20.63999000   2
  'H'       25.45000500        3.83001500       19.86999000   1
  'H'       25.32999000        3.22000000       21.37999500   1
  'O'       21.12001500       18.56001000       15.06998500   2
  'H'       20.35001500       18.27000000       15.62001000   1
  'H'       21.84000000       17.86998500       15.09000500   1
  'O'       25.46999000       25.32001500        4.49001000   2
  'H'       26.33998500       25.63998500        4.11001500   1
  'H'       24.92000000       24.89000500        3.76999000   1
  'O'       24.79001000       20.94998500       12.05998500   2
  'H'       24.24999500       20.10998500       12.01000500   1
  'H'       25.74999000       20.73001000       11.88999000   1
  'O'       24.37998500       27.32999500        6.23000000   2
  'H'       24.69001500       26.51001500        5.75001000   1
  'H'       24.89000500       27.42001500        7.08998500   1
  'O'       28.32000500       12.74000000        6.79000000   2
  'H'       27.55000500       12.19998500        6.42999000   1
  'H'       28.01998500       13.67999500        6.94998500   1
  'O'       27.38001000       27.52001000       12.54998500   2
  'H'       28.22001000       27.87001000       12.15000500   1
  'H'       27.23000000       27.94001000       13.44000000   1
  'O'       27.53999500       33.44001500        7.91000000   2
  'H'       28.05999000       34.24998500        7.64998500   1
  'H'       27.21001500       32.97000000        7.08998500   1
  'O'       30.91000500       22.41998500       16.08001500   2
  'H'       31.69001500       22.42999500       15.45999000   1
  'H'       30.08001500       22.63999500       15.56999500   1
  'O'       20.83000500       21.82999000        2.78001500   2
  'H'       21.25000500       20.94001000        2.95001000   1
  'H'       19.85000500       21.78001000        2.96999500   1
  'O'        4.64999500       25.74001500        5.48999500   2
  'H'        4.90000000       25.31000500        4.63001000   1
  'H'        5.40001000       25.63001000        6.14999000   1
  'O'       24.92000000       13.07001500        9.67998500   2
  'H'       25.52000500       13.84001500        9.46998500   1
  'H'       25.35001000       12.48999500       10.37998500   1
  'O'       33.90999500       19.16001500       15.10001500   2
  'H'       33.89001000       18.17000500       14.99998500   1
  'H'       33.53000000       19.41999500       15.98999500   1
  'O'       31.65998500       24.52999500       13.66998500   2
  'H'       31.24999500       25.01999500       14.43998500   1
  'H'       32.56998500       24.22000000       13.91001500   1
  'O'       33.81000000        3.51998500        3.09001000   2
  'H'       34.65000000        3.97999000        3.40000500   1
  'H'       33.33998500        4.10000500        2.42000500   1
  'O'       21.36998500       31.13999000       13.35999000   2
  'H'       22.34998500       30.95001000       13.38001000   1
  'H'       20.97000500       30.92999000       14.25000500   1
  'O'       32.80000500       34.20000500        1.61000000   2
  'H'       32.81001500       33.46000000        0.93999500   1
  'H'       32.00001000       34.77999000        1.45999000   1
  'O'       23.22001500       26.19998500       10.30001000   2
  'H'       24.16001000       26.22000500       10.64000000   1
  'H'       22.83998500       27.11999500       10.29000000   1
  'O'       25.69000000       34.87001000       16.29001500   2
  'H'       26.20999500        0.40999000       16.95001000   1
  'H'       25.20000000       34.14001500       16.77000500   1
  'O'       17.62999000       25.43999500        2.61999500   2
  'H'       18.35998500       26.06999500        2.38000000   1
  'H'       17.64000000       25.27000000        3.59999500   1
  'O'       34.07001500       24.96000500        5.23999000   2
  'H'       33.06999500       24.96000500        5.27999500   1
  'H'       34.37000000       25.46001500        4.42998500   1
  'O'       29.33000000       24.29000000        8.97001000   2
  'H'       29.84999500       23.46998500        8.73001500   1
  'H'       29.69001000       24.66999500        9.81998500   1
  'O'        6.34000500       16.80000000       11.50999500   2
  'H'        6.03998500       16.36999000       10.65998500   1
  'H'        7.30999500       17.02998500       11.43999500   1
  'O'       25.20000000        3.06999000       29.98999500   2
  'H'       24.94999500        3.71000000       29.26000000   1
  'H'       25.49001000        3.58001000       30.78999000   1
  'O'       34.00001500       18.73000500        2.35000500   2
  'H'       34.03001000       19.60000000        2.82999500   1
  'H'       33.44999000       18.83000000        1.52001500   1
  'O'       23.29999000       21.91000000       34.18999500   2
  'H'       24.10999500       21.37999500       34.45001000   1
  'H'       23.42000500       22.86000500       34.45998500   1
  'O'       31.41001500       24.94999500        5.76999500   2
  'H'       31.27999000       25.77001000        6.32999500   1
  'H'       30.57999000       24.79001000        5.23001500   1
  'O'       19.47001000        0.71001000        9.91000500   2
  'H'       18.98998500        0.79999500       10.78000000   1
  'H'       18.94000500        1.16000500        9.18998500   1
  'O'        1.17001500       24.82000500       12.79001500   2
  'H'        1.17999000       24.65001000       11.81001500   1
  'H'        0.36001000       24.38999500       13.18999500   1
  'O'       23.31000000       29.30000500       20.14001500   2
  'H'       24.23001000       29.20998500       19.76999500   1
  'H'       23.36001500       29.41998500       21.12999000   1
  'O'       24.26000500        0.33999000        8.45999000   2
  'H'       24.71000000       34.62000500        8.97998500   1
  'H'       23.29999000        0.42000000        8.75000000   1
  'O'        8.94999000       28.01001000       18.46001500   2
  'H'        9.85001500       28.32000500       18.76000000   1
  'H'        8.63999500       27.27000500       19.05998500   1
  'O'        7.61999000       11.62000000        9.54999500   2
  'H'        7.82001500       10.90001500       10.20999000   1
  'H'        8.27998500       11.56998500        8.80001500   1
  'O'       16.74998500        1.12000000       30.36001500   2
  'H'       16.88001000        0.16999500       30.67001000   1
  'H'       16.38000000        1.12000000       29.42999500   1
  'O'       21.99998500       26.09001500        5.99000500   2
  'H'       21.95000500       25.69000000        6.91001500   1
  'H'       22.79000500       26.69999500        5.93001500   1
  'O'        0.61001500        2.12999500        7.01998500   2
  'H'        0.15998500        1.82000000        7.85001000   1
  'H'        1.54000000        1.76001000        6.98999000   1
  'O'       28.82001500       31.85000000        9.54999500   2
  'H'       28.54001500       32.39999000        8.76998500   1
  'H'       28.01001000       31.48999000       10.02001000   1
  'O'        0.77000000       29.06998500        0.95000500   2
  'H'        0.25000500       29.38999000        0.15998500   1
  'H'        1.55998500       29.66001500        1.10001500   1
  'O'       21.19999000       28.54001500        9.98000500   2
  'H'       22.10001500       28.96001500        9.88001000   1
  'H'       20.65000000       29.05000000       10.65001000   1
  'O'       24.76999000       23.00000500       16.53001000   2
  'H'       25.00001000       22.13998500       16.07000500   1
  'H'       23.94000000       23.38000000       16.12999500   1
  'O'       30.88001000       31.58001000       12.61998500   2
  'H'       31.76999000       31.20001500       12.89001000   1
  'H'       31.02998500       32.29999500       11.94000500   1
  'O'       19.57000500       19.51999000        7.01001000   2
  'H'       18.84001000       19.64000500        6.35001500   1
  'H'       19.44999000       20.14999000        7.77000000   1
  'O'       21.64998500       30.39998500        4.41000000   2
  'H'       21.36998500       30.54999500        5.36000500   1
  'H'       21.12999000       30.99999000        3.80999500   1
  'O'        1.38001500       26.89998500       16.99001500   2
  'H'        0.57998500       27.04999500       16.40999500   1
  'H'        2.19999500       26.82998500       16.40999500   1
  'O'       30.91000500       22.20998500        8.10999000   2
  'H'       31.79998500       22.30000500        8.56999500   1
  'H'       31.03999500       22.21999500        7.12001500   1
  'O'       32.63001000       19.97999500       17.34001500   2
  'H'       32.43999500       20.95999500       17.44001000   1
  'H'       33.39000000       19.72999000       17.94999500   1
  'O'       17.37001000       32.15999500       10.61000500   2
  'H'       18.15999500       31.76999000       11.08999500   1
  'H'       16.56000500       31.62001500       10.80999500   1
  'O'       22.24001500        2.39001000       24.23001000   2
  'H'       23.24000000        2.31000000       24.23998500   1
  'H'       21.84000000        1.55998500       24.62999000   1
  'O'       22.21999500       12.19998500       11.56998500   2
  'H'       23.01999000       12.79001500       11.49001000   1
  'H'       21.47001500       12.69999500       11.99999500   1
  'O'       29.48001000       26.47001000        2.18001000   2
  'H'       28.77000000       26.61001000        2.88001000   1
  'H'       29.98999500       27.31998500        2.05999500   1
  'O'       29.24999000        2.88998500        4.63998500   2
  'H'       28.71998500        3.59999500        5.12001000   1
  'H'       30.18998500        3.20001500        4.53001500   1
  'O'       24.75000500       31.79998500        4.07998500   2
  'H'       24.69999000       31.97001500        3.09998500   1
  'H'       24.34001500       30.91000500        4.28998500   1
  'O'       34.18999500       20.84001500        3.97999000   2
  'H'       34.70999000       20.49001500        4.76000000   1
  'H'       33.61001000       21.60000500        4.28998500   1
  'O'       32.59000500       26.61001000        9.11001000   2
  'H'       33.44001500       26.37001500        8.63999500   1
  'H'       31.86998500       26.75001000        8.42999500   1
  'O'       22.02000500       23.33999500       15.45001500   2
  'H'       22.59001500       22.66999000       14.98000000   1
  'H'       21.33001500       23.70000500       14.81000500   1
  'O'       19.40998500       29.26000000        7.72999500   2
  'H'       18.74999000       28.58999500        8.06998500   1
  'H'       20.31998500       29.03999000        8.07999500   1
  'O'       21.05999000       19.51001500       21.96001500   2
  'H'       21.89001500       19.19998500       22.41998500   1
  'H'       21.29998500       20.07001500       21.16999500   1
  'O'       26.05998500       17.68000500       14.82999000   2
  'H'       26.11000000       16.95001000       15.51000500   1
  'H'       26.90999500       17.69999000       14.29998500   1
  'O'       14.22998500        4.95999000        0.50001000   2
  'H'       13.56001500        5.67000000        0.28000000   1
  'H'       13.81999500        4.32001500        1.16000500   1
  'O'       23.24000000       31.48001500        9.05999500   2
  'H'       23.89999500       32.21998500        9.19999500   1
  'H'       22.37000500       31.72998500        9.47999500   1
  'O'       34.00999000       20.84999000       12.68001000   2
  'H'       34.74999500       20.72000000       12.02001500   1
  'H'       34.00999000       20.10001000       13.32999500   1
  'O'       21.42000000       22.00999500       11.48000000   2
  'H'       21.43998500       22.12000000       10.48001500   1
  'H'       21.89999000       22.77999500       11.90000000   1
  'O'       13.17001000       27.66998500       17.69999000   2
  'H'       13.58000000       27.81999500       16.81001000   1
  'H'       12.47001000       26.95000000       17.62999000   1
  'O'        7.04000500       25.32001500       16.10000000   2
  'H'        6.66998500       24.43000000       15.84999500   1
  'H'        7.05999000       25.91998500       15.30000500   1
  'O'       24.37001000       23.67001000        6.25999500   2
  'H'       24.72001000       24.27999000        5.54998500   1
  'H'       25.14001000       23.24000000        6.73998500   1
  'O'       25.48000000       33.26998500       10.06001500   2
  'H'       26.37001500       33.57000500        9.73000000   1
  'H'       25.60001500       32.59000500       10.78000000   1
  'O'       23.92001500       28.79999500        3.80999500   2
  'H'       23.05999500       29.26000000        4.03000500   1
  'H'       24.19000500       28.21000000        4.56998500   1
  'O'       16.95998500       33.09999000        0.82001500   2
  'H'       17.48001500       33.64000500        1.48001000   1
  'H'       16.10000000       33.57000500        0.60000500   1
  'O'       17.09998500       21.08998500       15.45999000   2
  'H'       16.68999500       20.17998500       15.52999000   1
  'H'       16.43001500       21.78001000       15.73999000   1
  'O'       23.99999000       29.05000000        9.57001500   2
  'H'       24.51001000       28.63000000        8.80999000   1
  'H'       23.75999500       29.98999500        9.32998500   1
  'O'       32.59000500       32.34000000       34.21001500   2
  'H'       33.33001000       31.71000000       33.99000500   1
  'H'       32.22999500       32.74001500       33.37001500   1
  'O'       33.40001000        3.93001000       14.15998500   2
  'H'       32.50999500        3.55001500       14.39000500   1
  'H'       34.11999500        3.36000000       14.54001500   1
  'O'       16.22999000       23.21000500       12.58999000   2
  'H'       17.10999500       23.36999000       12.13999500   1
  'H'       15.73001500       22.49999500       12.09999000   1
  'O'       23.68999500       24.36000000        0.23999500   2
  'H'       22.75000000       24.34001500        0.58999500   1
  'H'       24.03999500       25.28998500        0.26999000   1
  'O'        3.79998500       15.38001500       34.39999500   2
  'H'        4.73000500       14.99998500       34.35001500   1
  'H'        3.45999500       15.55001000       33.47998500   1
  'O'       25.81001500       23.50001500       11.94000500   2
  'H'       26.58999000       23.35000500       12.54998500   1
  'H'       25.25001500       22.66999000       11.88999000   1
  'O'       30.24000000       33.15000500       16.68999500   2
  'H'       29.41998500       33.23001500       16.11998500   1
  'H'       29.98999500       32.74999000       17.57000000   1
  'O'       23.46001000       18.59000500       10.87999500   2
  'H'       22.58000500       18.91998500       11.21998500   1
  'H'       23.40999500       17.61000500       10.71000000   1
  'O'       30.46001000       34.56001500       32.00998500   2
  'H'       30.85999000        0.39000500       32.39001500   1
  'H'       29.62998500       34.79000000       31.50000000   1
  'O'       27.51000000       25.34000000        7.15001000   2
  'H'       28.04000500       24.79001000        7.78998500   1
  'H'       27.88999500       25.24000500        6.23000000   1
  'O'       16.38000000        8.69998500        1.48998500   2
  'H'       16.73000000        7.92001000        2.01001500   1
  'H'       17.09001000        9.04001000        0.86999500   1
  'O'       15.87001500       30.46998500       22.97998500   2
  'H'       15.58000500       30.08999000       23.85999000   1
  'H'       15.09000500       30.45000000       22.34001000   1
  'O'       34.20000500       32.55000000        5.65999000   2
  'H'       33.75998500       33.33001000        5.22000500   1
  'H'        0.12001500       32.81001500        5.96001000   1
  'O'       25.74999000       20.52001000       15.86000500   2
  'H'       25.60999000       19.62999500       15.44000500   1
  'H'       26.50000500       20.46999500       16.52000000   1
  'O'       23.57001500       27.21001500       34.73001000   2
  'H'       23.32998500       28.14000000       34.46999500   1
  'H'       24.55001500       27.17001000       34.94998500   1
  'O'       18.78999500       28.12001500       15.45001500   2
  'H'       18.14998500       27.60999500       14.88000500   1
  'H'       19.71000500       27.73001000       15.34998500   1
  'O'        3.26000500       19.78000500       13.77999000   2
  'H'        2.52000000       20.04999500       14.40001500   1
  'H'        3.06001500       20.10998500       12.85000500   1
  'O'       17.41999000       15.41001000       29.70999500   2
  'H'       17.72998500       15.66999000       28.78998500   1
  'H'       16.42000500       15.31999000       29.69998500   1
  'O'       30.49000500       19.19001000       12.83999500   2
  'H'       30.81998500       20.11999500       13.00999000   1
  'H'       31.23998500       18.62000000       12.51001500   1
  'O'       26.76999500       15.10001500        1.65000500   2
  'H'       26.19001000       14.92998500        2.43999000   1
  'H'       26.19998500       15.34998500        0.85998500   1
  'O'       27.11999500        0.00000000        4.90000000   2
  'H'       27.77999000       34.98999000        4.14001000   1
  'H'       26.88000000       34.06000500        5.13999500   1
  'O'       28.15001000       20.52001000       20.14999000   2
  'H'       29.02000500       20.28999000       20.58000000   1
  'H'       27.73001000       21.29001000       20.65000000   1
  'O'       28.22998500        5.18000000       21.72999500   2
  'H'       28.70000000        4.73000500       22.48998500   1
  'H'       28.85998500        5.26998500       20.94998500   1
  'O'       27.07001500        3.24999500       17.50000000   2
  'H'       27.94001000        3.72998500       17.43000000   1
  'H'       27.24001000        2.26999500       17.59999500   1
  'O'       29.80001500       21.36001000       32.27000000   2
  'H'       28.81000500       21.42000000       32.14998500   1
  'H'       30.25001000       21.37999500       31.37998500   1
  'O'       23.10000000       29.77999500       34.20000500   2
  'H'       23.36999000       30.22999000        0.05001500   1
  'H'       23.29001500       30.39001000       33.43000500   1
  'O'       23.70000500       33.62999500        1.51000500   2
  'H'       24.09998500       34.35001500        0.95000500   1
  'H'       23.15001500       34.04999500        2.24000000   1
  'O'        4.59000500        5.97999500       22.44000500   2
  'H'        3.90999000        6.63999000       22.14999500   1
  'H'        4.27000000        5.50000500       23.25998500   1
  'O'       23.38000000       28.81000500       12.33998500   2
  'H'       23.47999500       29.70999500       12.76999500   1
  'H'       23.73000000       28.84000000       11.41000000   1
  'O'       28.53000500       27.66001000       30.10000000   2
  'H'       28.36001000       27.45001000       29.13998500   1
  'H'       29.34001000       27.16000000       30.40999500   1
  'O'       19.69999500        5.16999000       15.27998500   2
  'H'       18.94000500        5.01000500       14.65999500   1
  'H'       19.34999500        5.48999500       16.15999000   1
  'O'       19.11000000       30.40999500       28.96001500   2
  'H'       18.81999000       30.78001500       28.08001000   1
  'H'       18.35998500       29.90001000       29.37000500   1
  'O'       28.12001500       33.96001000       15.33000000   2
  'H'       28.29001000       34.79000000       14.79999500   1
  'H'       27.24998500       34.03998500       15.80999000   1
  'O'       22.84999500       21.67000500        5.61001000   2
  'H'       23.22001500       22.59001500        5.72001500   1
  'H'       22.26000000       21.64001000        4.80000500   1
  'O'       22.35999500       24.79001000        8.24999000   2
  'H'       22.80001500       25.25001500        9.01999000   1
  'H'       23.05999500       24.44001000        7.63000000   1
  'O'        0.50998500       24.65001000       18.56998500   2
  'H'        0.75001500       24.83001500       19.51999000   1
  'H'        0.93999500       25.34000000       17.97999000   1
  'O'       34.73998500       14.21000000       14.71998500   2
  'H'        0.71001000       14.36001000       14.91000000   1
  'H'       34.46999500       13.31001000       15.06001000   1
  'O'       25.59000500        3.13999000       10.54000500   2
  'H'       25.63001000        4.13000000       10.64000000   1
  'H'       25.67999000        2.88998500        9.57001500   1
  'O'       30.17000000        4.63001000       17.37998500   2
  'H'       30.81001000        5.26998500       16.95001000   1
  'H'       30.59000000        4.22999500       18.18999000   1
  'O'       28.29998500       10.06999000        5.16999000   2
  'H'       28.36001000        9.24000000        5.72999000   1
  'H'       27.34000500       10.27001500        4.97000000   1
  'O'       26.64000500       32.42001000        5.57000500   2
  'H'       25.87000500       32.21998500        4.97000000   1
  'H'       27.42001500       31.85000000        5.32000000   1
  'O'       30.85999000       25.41000000       11.07001000   2
  'H'       31.54000500       25.90000000       10.51001000   1
  'H'       31.24999500       25.22999500       11.98001000   1
  'O'       12.64000500       31.09998500       11.00001000   2
  'H'       12.23999000       30.67998500       10.17999500   1
  'H'       11.92999500       31.58001000       11.50999500   1
  'O'       17.30001000       29.90998500       19.44999000   2
  'H'       17.09998500       29.75000000       20.42001500   1
  'H'       16.59000000       30.50001500       19.05998500   1
  'O'       14.50001000       22.26000000        1.40000000   2
  'H'       14.09999500       22.45999000        2.29001500   1
  'H'       15.42999500       22.62001000        1.34998500   1
  'O'       20.06000500       18.21998500       28.71001000   2
  'H'       19.67000000       17.65998500       27.98001500   1
  'H'       20.17998500       19.16001500       28.36998500   1
  'O'       17.99000000       30.18001000        3.41999000   2
  'H'       18.10000500       29.80999000        2.50001500   1
  'H'       18.59000500       30.96999500        3.54000500   1
  'O'       30.43999000       28.75001500       24.79998500   2
  'H'       31.17999500       28.32000500       24.29000000   1
  'H'       30.80000000       29.54000000       25.29999500   1
  'O'       25.95999000       26.85000500       22.24999000   2
  'H'       26.68001000       27.35999000       21.78998500   1
  'H'       25.13000000       26.86001500       21.68999000   1
  'O'       33.37999000       28.40999000       27.48000500   2
  'H'       33.68001000       28.29001000       26.54001000   1
  'H'       34.02000000       29.00999500       27.95999500   1
  'O'       21.63000000       27.20000500       19.04000000   2
  'H'       20.63001500       27.21001500       19.01000500   1
  'H'       21.96999000       28.08998500       19.34999500   1
  'O'       23.85001500       33.55999500       29.94001500   2
  'H'       23.01999000       33.09999000       29.61000000   1
  'H'       23.63000500       34.51000000       30.15999000   1
  'O'       33.26001000        2.10000000       34.97000500   2
  'H'       33.13999500        1.70999500        0.88000500   1
  'H'       34.17998500        1.89000000       34.63999000   1
  'O'       16.17000000       25.67999000       31.22000000   2
  'H'       16.77000500       25.81999000       32.00998500   1
  'H'       15.41998500       25.06000000       31.47000500   1
  'O'       30.88998500        4.85999500       29.13001000   2
  'H'       30.08999000        4.62000000       28.60000500   1
  'H'       30.75999500        4.59000500       30.08999000   1
  'O'       20.06000500        4.39001500       30.53001000   2
  'H'       20.74999500        4.29999500       31.26000500   1
  'H'       19.16999000        4.08999500       30.87000000   1
  'O'       20.67999500       34.69000500       20.39999500   2
  'H'       20.67999500        0.63000000       20.72000000   1
  'H'       21.57001000       34.27000500       20.56999000   1
  'O'        7.75999000       14.64998500       22.06998500   2
  'H'        7.64001000       13.95999500       22.77999500   1
  'H'        6.87001000       15.03999000       21.82001500   1
  'O'       18.18999000       25.63001000       33.53000000   2
  'H'       17.37001000       25.55000000       34.10001000   1
  'H'       18.90000000       25.01999500       33.88000000   1
  'O'       22.27998500       30.22999000       17.90001500   2
  'H'       22.72000500       30.14000500       18.78999500   1
  'H'       22.97001000       30.11001000       17.17999500   1
  'O'        5.46000000       31.85000000       22.66001500   2
  'H'        4.59000500       32.18001500       23.03000000   1
  'H'        6.06000500       32.63998500       22.47000000   1
  'O'       28.60000500        1.03999000       22.45999000   2
  'H'       28.61001500        0.15001000       21.99998500   1
  'H'       29.03999000        0.96001500       23.36001500   1
  'O'       29.27001000       32.57999500       25.14001000   2
  'H'       28.51999500       32.18999000       25.67001500   1
  'H'       29.06001000       33.53000000       24.92000000   1
  'O'       24.76999000       23.61999500       19.06999500   2
  'H'       23.78999000       23.45000000       18.98998500   1
  'H'       25.17000500       23.66000000       18.15999500   1
  'O'       13.11999500       20.67999500       29.34001000   2
  'H'       14.07000000       20.88999500       29.13998500   1
  'H'       12.54001000       20.97000500       28.57998500   1
  'O'       34.53999500       28.43001000       30.74001000   2
  'H'       33.65999000       28.89999000       30.78999000   1
  'H'       34.51000000       27.59998500       31.30001000   1
  'O'       22.17999000       23.78001500       18.00998500   2
  'H'       21.36001000       24.34001500       18.10000500   1
  'H'       22.21999500       23.39001000       17.09001000   1
  'O'       34.65000000       29.05000000       24.83001500   2
  'H'       33.71000500       28.89999000       24.51998500   1
  'H'        0.12999000       28.18000500       24.90001500   1
  'O'       28.92001000       22.20001000        3.30001000   2
  'H'       29.73001500       21.71998500        3.64000000   1
  'H'       28.53000500       21.68001500        2.53998500   1
  'O'       31.20999000       22.68000000       34.65000000   2
  'H'       30.78001500       22.30000500       33.83999500   1
  'H'       31.13999000       22.03001500        0.40999000   1
  'O'       25.46001500       17.02998500       26.68998500   2
  'H'       24.51998500       16.68999500       26.65999000   1
  'H'       26.09001500       16.29001500       26.47001000   1
  'O'       27.77999000       23.26999500       16.81998500   2
  'H'       27.93000000       22.33000000       17.12000500   1
  'H'       26.93999000       23.32001000       16.29001500   1
  'O'       16.22999000       24.41001500       28.25000500   2
  'H'       16.07000500       24.38999500       29.23000500   1
  'H'       16.99001500       25.03000500       28.05001500   1
  'O'       24.05000500       18.42998500       23.25998500   2
  'H'       23.46998500       17.93001000       23.91000500   1
  'H'       24.99000000       18.43999500       23.59000000   1
  'O'        1.87999000       34.91001500       25.15999500   2
  'H'        1.45999000       34.24001000       25.77001000   1
  'H'        2.60001000        0.39000500       25.64999500   1
  'O'       25.03000500       16.39001000       29.93000500   2
  'H'       25.74999000       16.25001000       30.60998500   1
  'H'       25.03000500       15.62998500       29.27998500   1
  'O'       19.15000500       27.98999000       18.29999500   2
  'H'       18.70998500       27.80001000       17.41999000   1
  'H'       18.53001500       28.54001500       18.87000500   1
  'O'       30.29999000       22.06001000       12.86999000   2
  'H'       29.34998500       22.34998500       12.93001500   1
  'H'       30.89999500       22.80999000       13.14999000   1
  'O'       22.82000000       17.50000000       25.36999500   2
  'H'       21.99001000       17.23998500       25.85999500   1
  'H'       23.32001000       18.20000000       25.88999000   1
  'O'       32.46999000        2.53001000       30.88001000   2
  'H'       32.17000500        1.83001000       30.24000000   1
  'H'       33.44001500        2.39998500       31.09001000   1
  'O'       24.72001000       23.60001000        2.74001000   2
  'H'       24.40000500       22.70999500        3.05000500   1
  'H'       24.51998500       23.70000500        1.76001000   1
  'O'       32.90000000       18.38000500       22.94999000   2
  'H'       33.11000000       18.42998500       21.98000000   1
  'H'       33.47001000       19.02999000       23.46001000   1
  'O'       19.99000500       11.46001500       28.99998500   2
  'H'       19.08000500       11.77001000       29.24001500   1
  'H'       20.00001500       10.45999500       28.95000500   1
  'O'       28.08001000       20.74999500       17.55999000   2
  'H'       28.14000000       20.74999500       18.56001000   1
  'H'       28.92001000       20.38001000       17.16998500   1
  'O'        4.97000000       23.46001000       10.97001500   2
  'H'        5.33998500       24.23001000       10.45999500   1
  'H'        5.34999500       22.59999000       10.61000500   1
  'O'       26.96998500       28.89001500       26.78000500   2
  'H'       27.21999000       28.00000000       27.14999000   1
  'H'       25.98998500       28.89001500       26.54998500   1
  'O'       25.41000000       24.73999500       26.69999500   2
  'H'       25.36999500       25.49001000       26.04000000   1
  'H'       25.43999500       23.87000000       26.20999500   1
  'O'       23.25001000       10.76001500       28.53000500   2
  'H'       22.61000000        9.99001500       28.57001000   1
  'H'       22.96000000       11.48000000       29.14999500   1
  'O'       30.50001500       30.52000000       21.33999000   2
  'H'       29.66999000       30.50001500       21.89999000   1
  'H'       31.24999500       30.92001500       21.86999500   1
  'O'       25.84998500       15.35999500       23.24000000   2
  'H'       25.70998500       16.03000000       22.51000500   1
  'H'       26.50000500       15.72000500       23.91000500   1
  'O'       31.99000000       15.66001500       22.28999500   2
  'H'       32.31000500       16.53998500       22.65000500   1
  'H'       30.99001500       15.63999500       22.28999500   1
  'O'       28.78001000       30.14000500       23.28000500   2
  'H'       28.50001000       30.94000000       23.80000000   1
  'H'       29.48001000       29.63999500       23.80000000   1
  'O'       27.70999000       33.95000000       20.51000000   2
  'H'       27.59001000       32.99999500       20.21999000   1
  'H'       27.23000000       34.10001000       21.37999500   1
  'O'       24.93001000       32.83000000       17.64000000   2
  'H'       24.16998500       32.18999000       17.76001500   1
  'H'       25.74999000       32.32999000       17.36000000   1
  'O'       25.88999000       28.99998500       19.33001000   2
  'H'       26.01000500       29.82000000       18.77998500   1
  'H'       26.51001500       29.02000500       20.10998500   1
  'O'       18.99999500       27.66001000       31.94999500   2
  'H'       18.74999000       26.82001000       32.42998500   1
  'H'       19.86999000       27.52998500       31.48001500   1
  'O'       17.61000500       29.86000500       33.15000500   2
  'H'       18.06000000       29.13001000       32.63001000   1
  'H'       18.07001000       30.73000000       32.97000000   1
  'O'       18.52000500       25.13000000       24.44001000   2
  'H'       19.30001500       25.71999500       24.66999500   1
  'H'       18.83000000       24.36000000       23.88998500   1
  'O'       33.55999500       34.28999000       21.84000000   2
  'H'       33.33998500       33.32000000       21.85001000   1
  'H'       33.41999500       34.65000000       20.91999000   1
  'O'       29.94999000        2.60001000       27.16000000   2
  'H'       29.14999500        3.19000500       27.07999000   1
  'H'       30.74001000        3.03999500       26.74000000   1
  'O'       32.78999500       31.52999500       22.21999500   2
  'H'       32.91998500       31.99000000       23.10000000   1
  'H'       33.62999500       31.05000500       21.98000000   1
  'O'       18.49998500       32.59000500       20.70999000   2
  'H'       18.80000500       31.69001500       20.41000500   1
  'H'       19.26998500       33.23999000       20.63001500   1
  'O'       34.93000000       25.91001000        7.78998500   2
  'H'       34.56999000       25.36999500        7.02999500   1
  'H'        0.26999000       26.79001500        7.43998500   1
  'O'       29.24001500       27.70001500       16.59000000   2
  'H'       28.30999500       27.44000000       16.84000500   1
  'H'       29.54000000       28.47001500       17.15000000   1
  'O'       27.07999000       21.78001000       32.00998500   2
  'H'       26.30001500       21.89999000       31.40000500   1
  'H'       26.88000000       22.17999000       32.90000000   1
  'O'       27.45001000        0.63000000       32.69000000   2
  'H'       27.80998500        1.55998500       32.73000500   1
  'H'       27.77001500        0.19001500       31.86001000   1
  'O'       21.11000500       18.76000000       32.60999000   2
  'H'       21.89001500       18.50999500       32.03000500   1
  'H'       20.27000500       18.42001000       32.18999000   1
  'O'       24.38999500       22.73999000       24.38999500   2
  'H'       24.13999000       22.24999000       23.56000500   1
  'H'       24.47000500       22.10001500       25.14998500   1
  'O'       15.13998500       29.23000500       34.30000000   2
  'H'       15.98999500       29.47000000       33.82001000   1
  'H'       15.20001000       28.29001000       34.62000500   1
  'O'       29.20998500       22.93000500       27.17998500   2
  'H'       30.17000000       22.86000500       27.45998500   1
  'H'       28.70000000       23.42000500       27.87998500   1
  'O'       15.90998500       34.77999000       25.42998500   2
  'H'       15.47000000        0.11000500       24.58998500   1
  'H'       16.19999500       33.83002000       25.29999500   1
  'O'       22.24001500       26.58001500       23.11998500   2
  'H'       21.96001500       25.88999000       22.45001500   1
  'H'       21.61999000       26.55999500       23.89999500   1
  'O'       30.43001500        1.94999000       20.74999500   2
  'H'       29.76001000        1.62998500       21.42000000   1
  'H'       30.50999000        1.27998500       20.00999000   1
  'O'       20.23000000       24.06999000       33.96001000   2
  'H'       20.48000500       24.01000000       34.91999000   1
  'H'       19.75998500       23.22999000       33.68001000   1
  'O'       27.56001500        0.46000500       18.18999000   2
  'H'       28.56000000        0.50998500       18.14001000   1
  'H'       27.28999000        0.08998500       19.08000500   1
  'O'       18.42001000       19.43000500        0.51999500   2
  'H'       19.41999500       19.34999500        0.54001500   1
  'H'       18.08999500       19.19998500       34.59998500   1
  'O'       21.08998500       27.00001500       30.75999500   2
  'H'       21.61999000       26.40001000       31.36000000   1
  'H'       21.70000000       27.66001000       30.32001000   1
  'O'       34.42001500       22.76998500        9.14000500   2
  'H'       33.83999500       22.90001000        9.94000000   1
  'H'        0.35000000       22.54000000        9.43999000   1
  'O'       17.13001500       22.45001500       33.41999500   2
  'H'       16.49000500       23.15999000       33.11000000   1
  'H'       17.31999500       22.58000500       34.39999500   1
  'O'       28.19001500       34.63001500       30.22001500   2
  'H'       27.81999500        0.29998500       29.58000500   1
  'H'       28.82999000       34.03001000       29.73001500   1
  'O'       31.26000500       29.68000000       17.68000500   2
  'H'       31.33000500       29.20998500       18.56998500   1
  'H'       32.18001500       29.79000500       17.29000000   1
  'O'       19.36000500       14.75999000       22.54000000   2
  'H'       18.81001500       14.65999500       21.71001000   1
  'H'       18.85999500       14.36998500       23.31000000   1
  'O'       24.54000500       30.50999000       28.54999000   2
  'H'       25.28998500       30.14000500       29.10001500   1
  'H'       23.99001500       31.12000500       29.10001500   1
  'O'       22.26000000       25.81999000       32.84998500   2
  'H'       22.65000500       26.44001500       33.53000000   1
  'H'       21.54001500       25.27000000       33.27999500   1
  'O'       27.00001500       31.01000000       17.54000500   2
  'H'       27.32999500       30.70000500       16.64001500   1
  'H'       27.79000000       31.24999500       18.11001500   1
  'O'        0.68001500       22.97001000       22.34998500   2
  'H'        0.75999000       23.78999000       21.78998500   1
  'H'        1.40000000       22.96000000       23.04001000   1
  'O'       30.96999500       24.22000000       18.14001000   2
  'H'       30.68999500       23.53998500       17.45999500   1
  'H'       30.25998500       24.29000000       18.84998500   1
  'O'       28.33999000       32.28001000       12.99000500   2
  'H'       29.27998500       31.93998500       12.93999000   1
  'H'       28.23999500       32.84998500       13.80998500   1
  'O'        6.98999000       25.63001000        7.01998500   2
  'H'        6.73001000       25.70001000        7.99001000   1
  'H'        7.61999000       26.37001500        6.80001000   1
  'O'       31.89000500       24.85000000       24.72998500   2
  'H'       31.38999500       24.58001000       23.91000500   1
  'H'       32.49001000       24.09001000       25.01999500   1
  'O'       19.72001500       22.82000000       19.71000500   2
  'H'       19.02999000       23.54999500       19.74000000   1
  'H'       19.39000000       22.06998500       19.13999500   1
  'O'        2.15001500       22.41001000       33.83999500   2
  'H'        2.04998500       23.36999000       33.58001500   1
  'H'        1.69998500       22.24999000       34.72000000   1
  'O'       31.22000000       21.40001500       29.91999500   2
  'H'       31.57000000       22.20001000       29.42999500   1
  'H'       31.20999000       20.60999500       29.30000500   1
  'O'       14.68999000       32.32001500       28.12001500   2
  'H'       15.12000000       32.17000500       27.23000000   1
  'H'       14.19001500       33.18000000       28.12001500   1
  'O'       20.81999500       33.54001000        0.65999500   2
  'H'       21.82001500       33.58001500        0.56000000   1
  'H'       20.45998500       34.45998500        0.78998500   1
  'O'       33.93999000       27.59998500       21.32000500   2
  'H'       33.05001000       27.42999000       20.88999500   1
  'H'       34.30000000       28.47001500       21.01001000   1
  'O'       16.19999500       20.70001500       31.16998500   2
  'H'       16.35000500       21.50998500       31.72998500   1
  'H'       16.04998500       20.97000500       30.22001500   1
  'O'       24.16998500       30.26999500       16.05999500   2
  'H'       24.03999500       30.89999500       15.30000500   1
  'H'       24.80999500       29.55001000       15.79000500   1
  'O'       20.00999000       25.04999000       29.24999000   2
  'H'       20.65000000       25.62000000       29.76001000   1
  'H'       19.82001000       24.22000000       29.77999500   1
  'O'       21.51999500       19.48999500       12.55999500   2
  'H'       21.61999000       19.58001500       13.55000500   1
  'H'       21.36001000       20.38998500       12.16001500   1
  'O'       21.53000500       25.06000000       27.18999500   2
  'H'       22.49999500       25.00001000       27.41000500   1
  'H'       20.98999000       25.04001500       28.02999500   1
  'O'       32.25001500       25.64999500        2.67998500   2
  'H'       32.71999500       26.53000000        2.81001000   1
  'H'       31.27999000       25.77001000        2.88001000   1
  'O'       29.13001000       15.02000500       11.00001000   2
  'H'       29.17999000       14.08998500       10.62999000   1
  'H'       29.80999000       15.12000000       11.73000500   1
  'O'        3.37001000       33.71000500       28.19001500   2
  'H'        4.01999500       33.71000500       27.44000000   1
  'H'        3.38999500       34.59998500       28.64998500   1
  'O'       24.13001500       30.94000000        1.20998500   2
  'H'       25.11001500       30.78001500        1.03001500   1
  'H'       23.95998500       31.92000000        1.27001000   1
  'O'        4.03000500       21.58999500       32.17000500   2
  'H'        4.43999500       22.37000500       31.69999000   1
  'H'        3.43000000       21.92001000       32.90000000   1
  'O'       28.09999500       28.40999000       21.02999500   2
  'H'       28.53000500       29.13998500       21.56000000   1
  'H'       28.71998500       27.63001500       20.95999500   1
  'O'       24.34999000        0.44999500        5.32000000   2
  'H'       25.21001000       34.98001500        5.12001000   1
  'H'       24.19000500        0.43001000        6.31001000   1
  'O'       24.06999000       21.01001000       22.41001000   2
  'H'       24.19000500       20.13000500       22.86000500   1
  'H'       23.21000500       21.01998500       21.89001500   1
  'O'       29.40000000        0.61001500        6.93000000   2
  'H'       30.15999000        1.24001500        7.08001000   1
  'H'       29.00999500        0.77000000        6.02000000   1
  'O'       23.91000500       25.77001000       28.81000500   2
  'H'       24.58001000       25.45000500       28.14000000   1
  'H'       23.52000000       24.97999000       29.30000500   1
  'O'       31.30998500       25.94000500       16.05999500   2
  'H'       31.37998500       25.17000500       16.70000500   1
  'H'       30.63000500       26.58999000       16.39998500   1
  'O'       12.60000000        0.89999000       31.72998500   2
  'H'       13.53999500        0.74000500       32.03000500   1
  'H'       12.04000000        0.09999500       31.92000000   1
  'O'       25.53001500       30.11001000       23.67998500   2
  'H'       26.43000500       29.69001000       23.57999000   1
  'H'       25.50999500       30.64999000       24.51998500   1
  'O'       30.04001000       30.21000500       28.53000500   2
  'H'       30.64001500       30.04001000       27.76000500   1
  'H'       29.12000000       29.87999000       28.30999500   1
  'O'       23.04998500        5.89998500       20.03001000   2
  'H'       23.46001000        4.98998500       20.07999000   1
  'H'       23.17000000        6.35999000       20.91001500   1
  'O'       17.20001500       27.28001500       25.87000500   2
  'H'       17.37998500       27.06000500       26.82998500   1
  'H'       17.83999000       26.79001500       25.28001000   1
  'O'       25.90000000       28.42000000        2.15999000   2
  'H'       25.14998500       28.60000500        2.78999000   1
  'H'       26.26001000       29.27998500        1.80001500   1
  'O'       20.03001000       22.83998500       26.12998500   2
  'H'       20.16000000       22.94001500       25.14998500   1
  'H'       20.00999000       23.74001000       26.55999500   1
  'O'       24.69999000       31.62999000       25.97000000   2
  'H'       23.82999500       31.94999500       25.62000000   1
  'H'       24.55001500       31.12000500       26.82001000   1
  'O'       16.46998500       22.63999500       19.01000500   2
  'H'       17.15000000       21.93999500       18.81001500   1
  'H'       16.00000500       22.40000000       19.86001500   1
  'O'       26.76999500       34.77001500       25.56001000   2
  'H'       26.23001500       34.44000000       26.33998500   1
  'H'       27.65000000        0.12001500       25.88999000   1
  'O'       22.97001000       21.44999500       31.44998500   2
  'H'       23.01001500       21.60000500       32.43999500   1
  'H'       22.84999500       20.48000500       31.26000500   1
  'O'       26.71000500       23.14000500       34.63001500   2
  'H'       27.41000500       23.71001500        0.05999000   1
  'H'       25.81001500       23.40999500       34.97000500   1
  'O'       17.76999000        3.41001500       31.69001500   2
  'H'       17.47000500        2.64001500       31.13001500   1
  'H'       17.19000500        3.48001500       32.50999500   1
  'O'       31.54000500       28.28000000       20.06000500   2
  'H'       31.33000500       29.02000500       20.70001500   1
  'H'       30.99999000       27.46999500       20.30000000   1
  'O'       20.52001000       30.99999000       34.77999000   2
  'H'       21.40001500       30.53001000       34.67999500   1
  'H'       20.66001000       31.86001000        0.28000000   1
  'O'       26.72999000       22.66999000       20.87998500   2
  'H'       26.68001000       22.90998500       21.85001000   1
  'H'       26.04000000       23.18001000       20.37000000   1
  'O'        1.42999500        5.16001500       32.97000000   2
  'H'        1.93000500        6.03001000       32.98998500   1
  'H'        1.94001500        4.46999000       33.47998500   1
  'O'       24.06999000       31.31999500       32.11001500   2
  'H'       23.64999000       32.08999500       31.61000500   1
  'H'       24.99000000       31.16001000       31.75000500   1
  'O'       33.50000500       29.59001500       12.43000500   2
  'H'       33.12998500       29.54000000       11.49998500   1
  'H'       34.23000000       28.92001000       12.54001000   1
  'O'       20.60999500       30.67998500       25.17000500   2
  'H'       20.77001500       29.96000000       25.84001000   1
  'H'       20.42001500       30.26999500       24.27999000   1
  'O'       18.53001500       32.25001500       33.34999500   2
  'H'       19.41999500       32.00001000       33.72999000   1
  'H'       17.93001000       32.56998500       34.09000000   1
  'O'       13.32999500       27.77999000       23.00000500   2
  'H'       13.67999500       27.67999500       22.06998500   1
  'H'       13.97000500       27.35999000       23.64999000   1
  'O'       22.59999000       26.82001000        2.18001000   2
  'H'       22.96000000       27.49001500        2.81998500   1
  'H'       22.98999500       26.96998500        1.27998500   1
  'O'       22.69001000       23.85001500       30.64001500   2
  'H'       22.63999500       22.90998500       30.98000500   1
  'H'       22.90001000       24.47000500       31.38999500   1
  'O'       30.71999000       20.73001000        1.41998500   2
  'H'       30.92001500       20.66001000        2.39001000   1
  'H'       31.09998500       19.93999000        0.92998500   1
  'O'       26.88000000       26.75998500       17.58001000   2
  'H'       26.44999000       27.24001000       18.35001000   1
  'H'       27.00001500       25.80000500       17.82000500   1
  'O'       23.22001500        1.80999000       33.47001000   2
  'H'       23.59000000        1.06001000       32.92999500   1
  'H'       23.73000000        1.90001000       34.31998500   1
  'O'       32.85999500       22.73001500       11.29999500   2
  'H'       31.86998500       22.87001500       11.38000500   1
  'H'       33.13999500       21.99001000       11.91998500   1
  'O'        2.67998500       28.01001000       27.59001000   2
  'H'        3.16998500       28.64998500       27.00001500   1
  'H'        2.01999000       28.50998500       28.15998500   1
  'O'        1.05000000       24.47000500       27.17001000   2
  'H'        1.47000000       23.73000000       27.70999000   1
  'H'        1.48001000       25.34000000       27.42001500   1
  'O'       19.36000500        0.54999000       14.79999500   2
  'H'       20.34000500        0.33999000       14.85001000   1
  'H'       18.83000000       34.80998500       15.20998500   1
